"lsoa11cd","lsoa11nm","st_areasha","st_lengths","IMD_Rank","IMD_Decile","IMDScore","IMDRank0","IMDDec0","IncScore","IncRank","IncDec","EmpScore","EmpRank","EmpDec","EduScore","EduRank","EduDec","HDDScore","HDDRank","HDDDec","CriScore","CriRank","CriDec","BHSScore","BHSRank","BHSDec","EnvScore","EnvRank","EnvDec","IDCScore","IDCRank","IDCDec","IDOScore","IDORank","IDODec","CYPScore","CYPRank","CYPDec","ASScore","ASRank","ASDec","GBScore","GBRank","GBDec","WBScore","WBRank","WBDec","IndScore","IndRank","IndDec","OutScore","OutRank","OutDec","TotPop","DepChi","Pop16_59","Pop60.","WorkPop"
"E01004197","Tower Hamlets 002A",167476.5769075,2527.27128843042,9298,3,27.495,9298,3,0.184,7712,3,0.103,12036,4,9.012,22841,7,0.43,9948,4,0.73,6179,2,27.049,9220,3,40.716,4039,2,0.233,7862,3,0.397,1940,1,-0.704,26560,9,0.28,18308,6,-1.674,32434,10,3.836,2777,1,0.18,13630,5,1.947,491,1,2919,655,2044,220,2062.25
"E01004198","Tower Hamlets 002B",96358.296429,1759.30883995055,3698,2,42.068,3698,2,0.273,3129,1,0.167,5199,2,25.548,10543,4,1.146,3188,1,1.152,2511,1,28.331,8165,3,31.078,8212,3,0.252,6780,3,0.587,249,1,0.015,15839,5,0.398,6951,3,-1.497,32112,10,4.003,2467,1,-0.825,27559,9,2.017,387,1,1610,343,1047,220,1034
"E01004199","Tower Hamlets 002C",67141.553394,1585.80473274831,3280,1,43.877,3280,1,0.296,2324,1,0.176,4585,2,33.984,7105,3,0.416,10109,4,1.486,1104,1,29.918,7026,3,33.528,6942,3,0.287,4994,2,0.532,451,1,-0.114,17976,6,0.482,2703,1,-1.331,31600,10,4.185,2134,1,-1.122,29860,10,2.329,77,1,1692,438,1065,189,1049.75
"E01004200","Tower Hamlets 005A",57714.607324,1174.64112422002,9443,3,27.239,9443,3,0.14,11413,4,0.062,20962,7,3.34,29328,9,0.369,10726,4,0.564,8210,3,32.914,5133,2,75.606,31,1,0.308,4061,2,0.502,639,1,-0.77,27298,9,0.171,29436,9,-1.664,32418,10,4.611,1497,1,1.449,1276,1,2.14,231,1,1534,186,1249,99,1248
"E01004201","Tower Hamlets 002D",128469.1098055,1908.51102497235,10249,4,25.908,10249,4,0.201,6612,3,0.109,11207,4,13.348,18721,6,0.183,13299,5,0.338,11350,4,28.164,8285,3,31.073,8215,3,0.243,7341,3,0.463,937,1,0.003,16049,5,0.26,20620,7,-0.859,28565,9,3.785,2869,1,-0.175,19238,6,1.626,1225,1,1654,341,1119,194,1113.75
"E01004202","Tower Hamlets 005B",109374.5085725,1690.4189162976,10499,4,25.423,10499,4,0.152,10362,4,0.076,17326,6,6.408,25709,8,0.402,10302,4,1.15,2523,1,29.048,7616,3,37.885,5034,2,0.285,5083,2,0.517,544,1,-0.578,24939,8,0.225,24570,8,-1.245,31252,10,4.052,2366,1,-0.339,21700,7,2.281,108,1,1736,273,1369,94,1348.25
"E01004203","Tower Hamlets 005C",106065.366056,2563.53699482423,8880,3,28.299,8880,3,0.166,9119,3,0.086,14961,5,11.473,20447,7,0.465,9530,3,1.269,1884,1,29.303,7437,3,37.905,5027,2,0.235,7797,3,0.401,1852,1,-0.114,17965,6,0.249,21766,7,-1.882,32688,10,4.146,2186,1,-0.353,21902,7,2.303,97,1,1903,379,1386,138,1370
"E01004204","Tower Hamlets 005D",83461.44877,1480.77167696107,6274,2,33.995,6274,2,0.238,4625,2,0.139,7539,3,20.48,13484,5,0.763,6251,2,0.671,6840,3,26.734,9538,3,34.145,6614,3,0.263,6165,2,0.452,1059,1,-0.631,25661,8,0.401,6721,3,-1.744,32534,10,3.793,2856,1,-0.757,26912,9,2.224,144,1,1842,358,1212,272,1176.5
"E01004205","Tower Hamlets 013A",135977.069856,2249.85167819708,4905,2,37.904,4905,2,0.259,3626,2,0.165,5378,2,25.504,10571,4,0.796,5942,2,0.742,6033,2,30.1,6903,3,29.438,9129,3,0.239,7565,3,0.766,20,1,-0.693,26423,9,0.449,4059,2,-1.768,32566,10,4.258,2020,1,-1.037,29312,9,1.964,466,1,2324,602,1572,150,1557
"E01004206","Tower Hamlets 013B",77362.727841,1888.25581543298,3446,2,43.126,3446,2,0.315,1804,1,0.181,4234,2,27.334,9678,3,0.759,6290,2,1.035,3262,1,30.109,6891,3,26.973,10562,4,0.348,2696,1,0.697,64,1,-0.366,21940,7,0.447,4166,2,-1.385,31802,10,4.227,2076,1,-0.981,28907,9,1.773,840,1,1481,324,1000,157,1003.75
"E01004207","Tower Hamlets 011A",69660.4606355,1556.51655485289,5973,2,34.765,5973,2,0.21,6101,2,0.146,6978,3,20.429,13523,5,0.438,9847,3,1.011,3435,2,29.569,7253,3,41.959,3675,2,0.231,8037,3,0.391,2051,1,-0.32,21262,7,0.38,8209,3,-1.596,32294,10,4.167,2157,1,-0.011,16648,6,2.298,101,1,1373,264,942,167,952.25
"E01004208","Tower Hamlets 013C",160999.273121,3060.86208188673,10715,4,25.084,10715,4,0.119,13795,5,0.058,22005,7,7.214,24783,8,-0.292,20530,7,1.303,1740,1,32.895,5143,2,56.306,1031,1,0.289,4924,2,0.3,4706,2,-0.256,20311,7,0.189,28078,9,-1.554,32218,10,4.604,1512,1,0.702,6762,3,2.45,31,1,2283,259,1904,120,1937.25
"E01004209","Tower Hamlets 011B",82951.4400975,1729.44460714255,3602,2,42.475,3602,2,0.3,2205,1,0.164,5408,2,25.325,10662,4,0.538,8647,3,1.509,1033,1,30.317,6743,3,31.452,8019,3,0.326,3392,2,0.621,168,1,-0.655,25968,8,0.446,4208,2,-1.342,31646,10,4.245,2043,1,-1.078,29601,10,2.124,246,1,1421,393,917,111,898.75
"E01004211","Tower Hamlets 013D",164289.9233635,2267.75216019154,7276,3,31.539,7276,3,0.164,9307,3,0.092,13898,5,4.09,28428,9,0.727,6611,3,1.53,967,1,33.31,4933,2,44.607,2990,1,0.262,6248,2,0.539,406,1,-0.653,25950,8,0.178,28980,9,-1.938,32715,10,4.679,1415,1,0.116,14653,5,2.378,52,1,1592,154,1324,114,1335.25
"E01004212","Tower Hamlets 011D",84670.916766,1745.90069697555,10838,4,24.876,10838,4,0.144,11068,4,0.073,17924,6,13.354,18714,6,0.349,10985,4,0.794,5486,2,32.781,5212,2,37.255,5284,2,0.25,6890,3,0.425,1437,1,-0.385,22247,7,0.31,14858,5,-0.987,29703,10,4.479,1695,1,-0.266,20611,7,2.149,216,1,1989,342,1503,144,1510.5
"E01004214","Tower Hamlets 030A",68018.1400355,1325.17340393768,5686,2,35.567,5686,2,0.265,3414,2,0.182,4194,2,39.023,5630,2,0.484,9269,3,-0.117,18400,6,26.804,9451,3,16.354,18099,6,0.25,6892,3,0.521,521,1,0.136,13898,5,0.497,2167,1,-1.293,31450,10,3.747,2947,1,-1.128,29895,10,0.976,4317,2,1679,450,1036,193,1017
"E01004215","Tower Hamlets 028A",300936.88981,3619.55526386989,16624,6,17.411,16624,6,0.134,12145,4,0.064,20511,7,10.429,21425,7,-0.05,16782,6,-0.653,25689,8,31.154,6190,2,29.333,9191,3,0.209,9487,3,0.452,1064,1,-0.114,17956,6,0.231,23886,8,-1.387,31807,10,4.362,1858,1,0.628,7617,3,0.212,11973,4,3795,726,2810,259,2813
"E01004216","Tower Hamlets 030B",90009.488649,1856.15027646806,19837,7,14.112,19837,7,0.107,15389,5,0.056,22731,7,8.338,23592,8,0.293,11721,4,-0.749,26777,9,27.087,9185,3,15.376,18895,6,0.17,12286,4,0.351,3004,1,-0.11,17908,6,0.18,28811,9,-0.601,25538,8,3.371,3615,2,-1.143,29973,10,0.888,4935,2,1839,315,1357,167,1369.75
"E01004217","Tower Hamlets 030C",409344.537543,3364.81497348701,12388,4,22.505,12388,4,0.164,9317,3,0.102,12248,4,9.965,21861,7,0.278,11936,4,0.544,8484,3,26.685,9574,3,18.466,16455,6,0.184,11253,4,0.306,4449,2,-0.507,24001,8,0.277,18623,6,-0.84,28378,9,3.518,3346,2,-0.42,22821,7,0.794,5700,2,1984,393,1310,281,1333.25
"E01004218","Tower Hamlets 030D",143303.8255875,2647.5012802572,21427,7,12.658,21427,7,0.098,16573,6,0.062,21043,7,5.419,26821,9,-0.417,22346,7,0.267,12443,4,23.676,12459,4,14.313,19847,7,0.173,12043,4,0.198,10125,4,-0.439,23029,8,0.177,29034,9,-0.949,29412,9,3.038,4305,2,-0.7,26330,9,0.589,7525,3,1896,320,1380,196,1393.25
"E01004219","Tower Hamlets 028B",200589.1497315,2528.95725507062,6380,2,33.685,6380,2,0.22,5543,2,0.101,12352,4,15.61,16897,6,0.342,11065,4,1.292,1794,1,36.005,3637,2,40.311,4166,2,0.323,3478,2,0.627,157,1,-0.341,21583,7,0.332,12514,4,-1.036,30055,10,4.864,1157,1,-0.221,19936,7,2.441,33,1,2384,569,1686,129,1624.5
"E01004221","Tower Hamlets 028D",137325.968821,2928.31366713488,15260,5,18.973,15260,5,0.145,10971,4,0.077,17069,6,8.194,23740,8,0.593,8017,3,-0.294,20961,7,25.438,10706,4,19.651,15559,5,0.248,7003,3,0.359,2813,1,-0.175,18995,6,0.196,27523,9,-1.047,30138,10,3.417,3536,2,-0.399,22549,7,0.886,4947,2,2134,349,1622,163,1633
"E01004222","Tower Hamlets 001A",137324.3116675,2347.69580440265,4966,2,37.724,4966,2,0.273,3106,1,0.166,5237,2,28.09,9363,3,0.675,7130,3,0.797,5456,2,28.088,8356,3,23.771,12586,4,0.321,3584,2,0.439,1229,1,0.017,15781,5,0.421,5508,2,-0.866,28642,9,3.781,2882,1,-0.83,27605,9,1.485,1681,1,2862,608,1819,435,1784.25
"E01004223","Tower Hamlets 001B",592007.530517,4327.70661251767,5705,2,35.516,5705,2,0.241,4442,2,0.144,7078,3,22.192,12417,4,0.524,8818,3,1.21,2182,1,26.053,10129,4,32.212,7611,3,0.298,4442,2,0.401,1838,1,0.03,15562,5,0.363,9623,3,-0.843,28409,9,3.404,3555,2,-0.542,24432,8,1.965,463,1,2321,488,1471,362,1474
"E01004224","Tower Hamlets 001C",435492.114549,4633.40075495195,7452,3,31.203,7452,3,0.203,6489,2,0.107,11423,4,19.274,14208,5,0.797,5938,2,0.993,3579,2,28.281,8201,3,29.203,9275,3,0.338,2970,1,0.394,1999,1,0.242,12286,4,0.301,15864,5,-0.907,29030,9,3.833,2784,1,-0.249,20373,7,1.551,1458,1,2307,390,1652,265,1628.75
"E01004225","Tower Hamlets 004A",128920.4836685,1704.43042158328,13671,5,20.839,13671,5,0.08,19542,6,0.039,28102,9,8.298,23642,8,-0.118,17872,6,-0.037,17255,6,33.652,4747,2,77.145,20,1,0.223,8537,3,0.227,8211,3,0.006,16000,5,0.092,32322,10,-0.096,17335,6,3.768,2911,1,1.679,643,1,1.732,937,1,2696,346,2233,117,2228.5
"E01004226","Tower Hamlets 001D",92347.560946,1630.50718333257,8684,3,28.641,8684,3,0.224,5264,2,0.115,10317,4,20.466,13495,5,0.049,15260,5,0.896,4425,2,28.751,7853,3,19.208,15882,5,0.322,3517,2,0.291,5060,2,-0.014,16338,5,0.35,10710,4,-0.948,29401,9,3.921,2617,1,-0.684,26150,8,1.046,3828,2,2227,574,1467,186,1474.75
"E01004228","Tower Hamlets 003A",124913.406785,2527.6719124061,12849,4,21.888,12849,4,0.128,12809,4,0.085,15277,5,12.526,19476,6,0.238,12539,4,0.945,3978,2,23.542,12614,4,27.091,10481,4,0.132,15817,5,0.299,4749,2,0.078,14810,5,0.23,24017,8,-1.149,30786,10,3.108,4150,2,-0.417,22784,7,1.516,1567,1,2120,317,1485,318,1510.5
"E01004229","Tower Hamlets 004C",106330.404505,1503.04264863222,10339,4,25.746,10339,4,0.183,7797,3,0.104,11854,4,12.646,19356,6,0.25,12328,4,0.54,8527,3,28.64,7940,3,31.979,7730,3,0.269,5896,2,0.332,3539,2,-0.521,24206,8,0.313,14536,5,-1.128,30661,10,3.973,2522,1,-0.417,22782,7,1.866,626,1,1617,309,1131,177,1132.75
"E01004230","Tower Hamlets 003B",158833.6285745,1771.99394788284,9165,3,27.77,9165,3,0.184,7710,3,0.104,11941,4,17.016,15802,5,0.302,11603,4,0.914,4262,2,27.135,9135,3,32.763,7317,3,0.246,7152,3,0.334,3485,2,0.069,14946,5,0.3,15968,5,-1.685,32456,10,3.851,2751,1,-0.306,21238,7,1.843,664,1,2225,426,1542,257,1535.5
"E01004231","Tower Hamlets 004D",109489.4761305,1430.17856640802,6874,3,32.526,6874,3,0.226,5201,2,0.131,8407,3,22.942,11943,4,0.333,11162,4,0.903,4352,2,30.216,6817,3,29.804,8927,3,0.253,6762,3,0.463,940,1,-0.135,18341,6,0.388,7594,3,-0.878,28745,9,4.085,2313,1,-0.993,29008,9,1.981,442,1,1889,469,1215,205,1213.25
"E01004232","Tower Hamlets 003C",190211.796137,2147.5275205748,13752,5,20.727,13752,5,0.097,16812,6,0.056,22641,7,5.217,27068,9,-0.46,22894,7,1.515,1013,1,24.139,12002,4,44.937,2915,1,0.153,13781,5,0.243,7286,3,-0.397,22441,7,0.156,30327,10,-0.916,29109,9,3.102,4165,2,0.193,13414,5,2.268,118,1,1791,295,1330,166,1323.25
"E01004233","Tower Hamlets 003D",84478.035382,1389.83713069424,7486,3,31.122,7486,3,0.261,3554,2,0.135,7976,3,25.405,10613,4,0.062,15051,5,0.394,10549,4,27.262,9022,3,25.069,11740,4,0.342,2841,1,0.476,820,1,-0.208,19524,6,0.418,5663,2,-0.691,26716,9,3.5,3381,2,-0.79,27238,9,1.571,1400,1,2085,449,1353,283,1355.5
"E01004234","Tower Hamlets 003E",576139.788554,4167.10153395057,11218,4,24.249,11218,4,0.112,14721,5,0.064,20450,7,2.713,30076,10,-0.349,21438,7,1.913,282,1,23.131,13070,4,52.187,1549,1,0.146,14386,5,0.208,9453,3,-0.903,28587,9,0.167,29708,10,-1.382,31794,10,3.098,4168,2,0.588,8075,3,2.246,134,1,2193,385,1554,254,1570.25
"E01004235","Tower Hamlets 008A",37828.729234,975.886534953278,6856,3,32.56,6856,3,0.262,3528,2,0.149,6629,3,29.427,8809,3,0.143,13829,5,0.134,14589,5,29.472,7320,3,24.476,12106,4,0.26,6352,2,0.523,510,1,0.277,11759,4,0.403,6601,3,-1.817,32636,10,4.169,2152,1,-1.243,30512,10,1.652,1151,1,1380,359,888,133,844
"E01004236","Tower Hamlets 008B",101059.943383,1777.80037644749,4668,2,38.698,4668,2,0.277,2973,1,0.152,6368,2,28.717,9095,3,0.511,8972,3,1.386,1403,1,29.123,7560,3,20.11,15197,5,0.275,5597,2,0.666,98,1,-0.378,22128,7,0.459,3611,2,-1.353,31687,10,4.087,2310,1,-1.215,30361,10,1.311,2391,1,1772,499,1134,139,1062.25
"E01004237","Tower Hamlets 008C",65255.2616135,1398.66885188121,8147,3,29.74,8147,3,0.228,5089,2,0.118,9919,4,13.649,18464,6,-0.017,16260,5,0.992,3591,2,26.729,9539,3,34.722,6363,2,0.306,4136,2,0.292,5015,2,-0.189,19215,6,0.293,16770,6,-1.215,31107,10,3.719,3006,1,-0.146,18772,6,1.851,649,1,1433,403,910,120,900.25
"E01004238","Tower Hamlets 008D",356239.0852995,3269.58073120356,7688,3,30.706,7688,3,0.228,5110,2,0.106,11594,4,14.362,17858,6,0.122,14156,5,0.95,3925,2,35.614,3797,2,31.775,7844,3,0.352,2545,1,0.629,154,1,-0.663,26086,8,0.342,11547,4,-1.212,31089,10,4.862,1158,1,0.175,13728,5,1.29,2484,1,4477,1020,3257,200,3229.5
"E01004239","Tower Hamlets 008E",108536.221657,1896.12816136816,3901,2,41.301,3901,2,0.272,3158,1,0.177,4526,2,29.317,8854,3,0.487,9244,3,1.426,1263,1,32.665,5291,2,23.548,12744,4,0.251,6856,3,0.466,907,1,-0.292,20850,7,0.459,3636,2,-0.943,29363,9,4.455,1741,1,-1.268,30637,10,1.592,1340,1,1670,421,1024,225,1003.25
"E01004240","Tower Hamlets 012A",83738.3486955,1488.78488255846,7203,3,31.696,7203,3,0.239,4558,2,0.131,8328,3,29.774,8671,3,0.114,14301,5,0.695,6563,2,30.289,6767,3,21.887,13922,5,0.252,6795,3,0.417,1562,1,-0.808,27712,9,0.487,2525,1,-1.051,30167,10,4.158,2169,1,-0.791,27263,9,1.321,2336,1,1894,530,1191,173,1159
"E01004241","Tower Hamlets 012B",118824.5115125,2172.29262461975,5227,2,36.941,5227,2,0.252,3915,2,0.165,5358,2,29.383,8830,3,0.608,7834,3,0.79,5526,2,29.158,7531,3,26.551,10835,4,0.221,8639,3,0.522,512,1,-0.387,22264,7,0.465,3361,2,-0.835,28335,9,3.92,2620,1,-0.943,28582,9,1.73,942,1,1801,543,1100,158,1076.5
"E01004242","Tower Hamlets 012C",201989.2573985,2203.70388196522,9768,3,26.689,9768,3,0.194,7030,3,0.103,11988,4,19.695,13945,5,0.129,14039,5,0.289,12110,4,35.089,4055,2,26.258,11014,4,0.261,6288,2,0.524,499,1,-0.388,22297,7,0.378,8359,3,-0.845,28436,9,4.699,1385,1,-0.116,18298,6,1.19,2990,1,4375,1135,3050,190,3031.25
"E01004243","Tower Hamlets 020A",114102.4905095,1695.99750348127,5485,2,36.13,5485,2,0.254,3864,2,0.143,7164,3,39.595,5465,2,-0.011,16176,5,0.669,6863,3,27.667,8704,3,41.013,3941,2,0.31,3994,2,0.449,1104,1,0.217,12629,4,0.493,2281,1,-1.814,32632,10,3.934,2591,1,0.114,14702,5,2.058,335,1,1697,498,1043,156,983.75
"E01004244","Tower Hamlets 020B",135177.5317535,1718.88490921301,3416,2,43.233,3416,2,0.286,2700,1,0.214,2550,1,34.048,7086,3,0.6,7921,3,0.966,3800,2,26.068,10118,4,29.933,8855,3,0.241,7465,3,0.523,507,1,0.191,13040,4,0.454,3827,2,-1.956,32732,10,3.708,3031,1,-0.455,23293,8,1.75,890,1,2185,564,1293,328,1278.75
"E01004245","Tower Hamlets 018A",213542.946232,2148.83293011296,2763,1,46.457,2763,1,0.318,1707,1,0.175,4641,2,37.599,6027,2,0.605,7873,3,0.949,3940,2,42.072,1645,1,30.679,8423,3,0.327,3352,2,0.456,1025,1,-0.566,24805,8,0.528,1239,1,-0.528,24484,8,5.298,716,1,-0.762,26969,9,1.963,468,1,1517,468,935,114,911
"E01004246","Tower Hamlets 018B",202995.8209,3555.97838069769,8057,3,29.919,8057,3,0.21,6099,2,0.095,13464,5,19.422,14134,5,0.042,15354,5,1.38,1427,1,31.663,5863,2,26.864,10644,4,0.307,4107,2,0.295,4895,2,0.009,15951,5,0.337,12057,4,-0.697,26793,9,4.163,2162,1,-0.322,21480,7,1.425,1879,1,2598,594,1770,234,1770.25
"E01004247","Tower Hamlets 020C",120534.6386575,1821.33669779852,3824,2,41.665,3824,2,0.298,2273,1,0.162,5571,2,33.214,7370,3,0.673,7141,3,0.908,4320,2,29.957,7001,3,34.27,6567,2,0.356,2442,1,0.581,269,1,-0.127,18203,6,0.477,2879,1,-0.732,27211,9,3.967,2531,1,-0.433,23013,8,2.056,338,1,2585,720,1653,212,1632.75
"E01004248","Tower Hamlets 018C",105767.3833945,2636.73916485813,3465,2,43.068,3465,2,0.304,2070,1,0.171,4939,2,51.439,2972,1,0.696,6920,3,0.309,11804,4,32.797,5195,2,28.219,9828,3,0.314,3836,2,0.484,766,1,0,16102,5,0.583,335,1,-0.491,23928,8,4.143,2195,1,-0.766,27009,9,1.792,804,1,1743,587,983,173,974.75
"E01004249","Tower Hamlets 018D",182552.263814,2939.57578253808,3447,2,43.123,3447,2,0.29,2524,1,0.186,3932,2,33.035,7430,3,0.317,11392,4,1.07,2995,1,37.173,3139,1,30.002,8810,3,0.325,3433,2,0.423,1459,1,-0.304,21025,7,0.488,2489,1,0.202,12226,4,3.71,3023,1,-0.98,28901,9,1.993,426,1,2247,616,1418,213,1422.75
"E01004250","Tower Hamlets 020D",100506.259413,1677.61343218653,4393,2,39.575,4393,2,0.292,2463,1,0.181,4240,2,37.876,5943,2,0.644,7452,3,0.514,8877,3,27.378,8932,3,21.203,14397,5,0.287,4983,2,0.491,711,1,0.109,14316,5,0.491,2358,1,-1.659,32407,10,3.88,2689,1,-0.583,24951,8,1.159,3170,1,2613,782,1581,250,1547
"E01004251","Tower Hamlets 023A",129040.531908,1756.72142353204,8675,3,28.656,8675,3,0.202,6552,2,0.104,11948,4,19.536,14063,5,0.314,11436,4,0.895,4437,2,30.288,6768,3,26.301,10990,4,0.222,8587,3,0.435,1291,1,-0.461,23364,8,0.382,8082,3,-1.688,32461,10,4.281,1988,1,-0.762,26970,9,1.649,1159,1,2324,604,1476,244,1461
"E01004252","Tower Hamlets 024A",160367.096681,3037.53595438152,5828,2,35.19,5828,2,0.276,3024,1,0.149,6664,3,12.836,19176,6,0.752,6353,2,0.615,7522,3,33.835,4657,2,21.976,13863,5,0.372,2032,1,0.595,227,1,-0.51,24055,8,0.314,14382,5,-0.606,25593,8,4.392,1815,1,-1.432,31306,10,1.493,1652,1,2969,721,2041,207,2052.25
"E01004253","Tower Hamlets 024B",151999.0056235,2446.20621866715,8904,3,28.245,8904,3,0.213,5944,2,0.114,10442,4,28.164,9331,3,0.06,15086,5,0.554,8336,3,28.675,7908,3,22.928,13180,5,0.258,6475,2,0.439,1236,1,-0.004,16173,5,0.424,5331,2,-1.166,30861,10,3.989,2494,1,-0.949,28644,9,1.46,1761,1,3171,871,2056,244,2068.75
"E01004254","Tower Hamlets 023B",166769.083078,2816.38005347338,15458,5,18.74,15458,5,0.107,15403,5,0.05,24774,8,5.047,27238,9,-0.594,24642,8,0.869,4697,2,25.669,10493,4,49.628,1972,1,0.285,5091,2,0.193,10462,4,-0.33,21427,7,0.097,32232,10,-0.651,26248,8,3.166,4024,2,0.777,5924,2,1.715,980,1,2760,354,2262,144,2279.75
"E01004255","Tower Hamlets 023C",95381.426227,1700.50713773966,5983,2,34.736,5983,2,0.258,3679,2,0.156,6024,2,21.131,13055,4,0.518,8898,3,0.533,8636,3,30.152,6851,3,29.211,9266,3,0.285,5089,2,0.533,439,1,-0.328,21392,7,0.387,7649,3,-1.152,30797,10,4.175,2147,1,-1.16,30064,10,1.979,448,1,1691,361,1181,149,1178.75
"E01004256","Tower Hamlets 024C",141976.308251,2285.01034850103,5676,2,35.605,5676,2,0.276,3000,1,0.157,5962,2,31.22,8103,3,0.29,11757,4,0.296,11989,4,29.559,7265,3,29.869,8890,3,0.286,5043,2,0.58,271,1,-0.015,16358,5,0.452,3938,2,-1.535,32183,10,4.159,2168,1,-1.184,30213,10,2.03,368,1,1927,510,1215,202,1173
"E01004257","Tower Hamlets 024D",123867.317738,2034.37179054309,6674,3,32.994,6674,3,0.221,5463,2,0.116,10235,4,30.161,8492,3,0.329,11232,4,1.091,2855,1,27.877,8541,3,32.258,7577,3,0.235,7785,3,0.398,1896,1,-0.221,19736,7,0.46,3557,2,-1.438,31959,10,3.932,2598,1,-0.985,28945,9,2.161,206,1,2157,630,1343,184,1286.25
"E01004258","Tower Hamlets 023D",99708.370887,1923.98772933571,12802,4,21.968,12802,4,0.129,12575,4,0.084,15498,5,6.528,25568,8,-0.273,20254,7,0.335,11422,4,37.294,3103,1,39.084,4591,2,0.151,13954,5,0.27,5942,2,-0.309,21110,7,0.181,28708,9,0.475,8292,3,2.935,4528,2,0.468,9632,3,1.446,1794,1,1580,266,1076,238,1099
"E01004259","Tower Hamlets 007A",132003.1621995,2384.89269598946,10040,4,26.215,10040,4,0.164,9303,3,0.089,14497,5,7.56,24418,8,0.449,9731,3,0.947,3961,2,27.822,8583,3,38.688,4726,2,0.308,4071,2,0.392,2043,1,-0.297,20925,7,0.207,26439,9,-1.574,32253,10,3.938,2585,1,0.252,12566,4,1.717,974,1,1744,264,1354,126,1359.25
"E01004260","Tower Hamlets 007B",98769.4727775,1634.20332430179,6995,3,32.227,6995,3,0.242,4372,2,0.123,9368,3,24.36,11154,4,0.509,8998,3,0.394,10548,4,30.69,6478,2,31.602,7934,3,0.29,4832,2,0.507,594,1,0.143,13802,5,0.371,8925,3,-1.333,31608,10,4.293,1967,1,0.081,15192,5,1.392,2018,1,1862,471,1238,153,1205
"E01004261","Tower Hamlets 010A",167241.5392525,2789.29214339661,10280,4,25.849,10280,4,0.15,10457,4,0.056,22825,7,28.759,9078,3,0.319,11369,4,0.115,14896,5,34.756,4193,2,46.926,2465,1,0.324,3452,2,0.545,382,1,-0.137,18375,6,0.442,4400,2,-0.542,24686,8,4.468,1717,1,0.836,5306,2,1.39,2031,1,2532,358,2021,153,1994.75
"E01004262","Tower Hamlets 010B",146080.440856,2975.94268800575,8367,3,29.288,8367,3,0.167,9061,3,0.088,14698,5,21.587,12810,4,0.616,7752,3,0.886,4526,2,28.82,7791,3,41.661,3755,2,0.228,8251,3,0.489,723,1,-0.013,16323,5,0.362,9684,3,-0.893,28886,9,3.901,2652,1,0.127,14491,5,2.086,293,1,1666,242,1257,167,1262.75
"E01004263","Tower Hamlets 007C",82486.5625455,1182.34363624997,6689,3,32.958,6689,3,0.221,5458,2,0.138,7706,3,32.123,7768,3,0.433,9901,4,0.667,6883,3,26.509,9704,3,31.506,7988,3,0.272,5747,2,0.338,3362,2,-0.138,18397,6,0.47,3171,1,-1.324,31569,10,3.71,3022,1,-0.046,17175,6,1.529,1522,1,1514,335,949,230,938.25
"E01004264","Tower Hamlets 010C",61534.7933965,1472.56071704619,6140,2,34.313,6140,2,0.243,4368,2,0.129,8642,3,24.996,10828,4,0.614,7769,3,0.344,11260,4,38.478,2665,1,28.348,9756,3,0.25,6927,3,0.549,367,1,-0.84,28003,9,0.45,4001,2,-1.333,31610,10,5.214,788,1,-1.328,30915,10,1.941,500,1,1577,435,970,172,932
"E01004266","Tower Hamlets 007D",82210.13811,1614.95068866749,9652,3,26.897,9652,3,0.195,6969,3,0.098,12940,4,15.197,17208,6,0.124,14124,5,0.813,5277,2,26.632,9611,3,35.589,5976,2,0.296,4567,2,0.299,4719,2,-0.062,17102,6,0.296,16416,5,-1.238,31209,10,3.71,3024,1,-0.05,17255,6,1.825,706,1,1539,296,1026,217,1024.25
"E01004267","Tower Hamlets 012D",211304.4148055,2493.75246448193,6672,3,32.998,6672,3,0.24,4497,2,0.121,9591,3,8.844,23029,8,0.107,14406,5,1.19,2294,1,28.817,7793,3,45.232,2838,1,0.391,1636,1,0.482,780,1,-0.408,22615,7,0.249,21838,7,-1.267,31347,10,4.027,2414,1,0.468,9641,3,1.907,566,1,2322,427,1746,149,1723
"E01004268","Tower Hamlets 012E",51140.9206705,912.707395654736,6121,2,34.358,6121,2,0.258,3680,2,0.152,6345,2,24.416,11128,4,0.712,6762,3,-0.217,19864,7,33.217,4980,2,26.525,10850,4,0.292,4770,2,0.51,581,1,-0.365,21928,7,0.421,5496,2,-0.642,26119,8,4.338,1892,1,-0.666,25950,8,1.624,1235,1,1963,431,1370,162,1352.75
"E01004269","Tower Hamlets 014A",154487.1733035,2366.65202581292,6988,3,32.249,6988,3,0.222,5432,2,0.109,11190,4,15.032,17331,6,0.587,8093,3,1.084,2915,1,30.821,6404,2,34.293,6554,2,0.299,4396,2,0.404,1799,1,-0.609,25370,8,0.345,11183,4,-0.823,28220,9,4.131,2220,1,-0.743,26768,9,2.233,139,1,2471,560,1665,246,1658.75
"E01004270","Tower Hamlets 014B",291070.4077185,3436.54941595443,12534,4,22.295,12534,4,0.137,11744,4,0.055,22974,7,8.695,23195,8,-0.428,22482,7,1.291,1797,1,32.506,5375,2,35.617,5964,2,0.284,5106,2,0.424,1455,1,-0.293,20856,7,0.23,23993,8,-0.605,25583,8,4.213,2091,1,-0.392,22441,7,2.123,247,1,2789,418,2229,142,2200
"E01004271","Tower Hamlets 014C",97536.7811245,1835.63055551047,7538,3,31.028,7538,3,0.221,5467,2,0.107,11410,4,25.894,10370,4,0.451,9699,3,0.635,7261,3,30.467,6633,3,32.579,7422,3,0.261,6262,2,0.474,833,1,-0.669,26148,8,0.451,3954,2,-0.442,23159,8,3.778,2889,1,-0.208,19725,7,1.763,865,1,1710,506,1080,124,1044.75
"E01004272","Tower Hamlets 014D",92847.958668,1673.3962460729,5842,2,35.145,5842,2,0.274,3077,1,0.145,7014,3,32.437,7642,3,0.251,12321,4,0.567,8162,3,32.831,5177,2,20.603,14821,5,0.262,6222,2,0.625,162,1,-0.392,22358,7,0.488,2465,1,-1.284,31416,10,4.562,1572,1,-0.802,27353,9,1.222,2819,1,2500,764,1520,216,1465.25
"E01004273","Tower Hamlets 014E",170340.377955,3047.41877037276,5279,2,36.777,5279,2,0.281,2848,1,0.15,6542,2,31.377,8047,3,0.13,14032,5,0.853,4859,2,32.786,5208,2,24.867,11866,4,0.322,3512,2,0.546,375,1,-0.287,20765,7,0.475,2983,1,-1.082,30370,10,4.512,1648,1,-0.918,28345,9,1.601,1307,1,2419,577,1629,213,1590.75
"E01004274","Tower Hamlets 031A",83772.4784835,1845.877231095,11260,4,24.191,11260,4,0.225,5224,2,0.118,9916,4,20.038,13744,5,-0.194,19041,6,-0.431,22842,7,27.644,8721,3,15.033,19171,6,0.261,6306,2,0.551,355,1,-0.045,16811,6,0.349,10815,4,-1.971,32742,10,3.937,2587,1,-0.715,26458,9,0.671,6743,3,2142,496,1453,193,1452.75
"E01004275","Tower Hamlets 031B",136046.121254,1611.760579524,20159,7,13.794,20159,7,0.099,16440,6,0.06,21558,7,14.544,17728,6,-0.286,20434,7,-0.532,24221,8,24.978,11133,4,22.819,13248,5,0.134,15568,5,0.264,6229,2,0.223,12562,4,0.233,23632,8,-1.232,31180,10,3.401,3562,2,-0.002,16484,6,0.74,6136,2,2231,438,1591,202,1574.25
"E01004276","Tower Hamlets 031C",78956.768473,1500.5092367208,30144,10,5.371,30144,10,0.026,31509,10,0.014,32613,10,4.815,27528,9,-1.108,29654,10,-1.14,30108,10,23.165,13025,4,25.034,11759,4,0.085,21549,7,0.065,26180,8,-0.342,21605,7,0.071,32628,10,-0.703,26857,9,2.739,4984,2,0.153,14090,5,0.728,6244,2,2325,275,1922,128,1943
"E01004277","Tower Hamlets 033A",434310.762296,4405.36533637027,27157,9,7.917,27157,9,0.041,28405,9,0.043,27005,9,3.203,29500,9,-0.429,22494,7,-2.181,32748,10,32.221,5516,2,13.687,20412,7,0.075,23128,8,0.111,18533,6,-0.572,24877,8,0.065,32685,10,0.134,13372,5,2.978,4440,2,0.124,14520,5,-0.784,27226,9,1710,190,1412,108,1437
"E01004280","Tower Hamlets 032A",135744.0481705,2750.1528372724,10692,4,25.118,10692,4,0.226,5195,2,0.116,10218,4,18.608,14697,5,-0.028,16434,6,-0.493,23682,8,27.303,8990,3,24.375,12182,4,0.313,3851,2,0.477,817,1,0.437,9586,3,0.252,21489,7,-0.926,29211,9,3.696,3048,1,-0.391,22428,7,1.285,2505,1,1950,438,1353,159,1341.25
"E01004281","Tower Hamlets 031D",124137.1282765,2160.59015245739,26798,9,8.22,26798,9,0.06,23652,8,0.032,30174,10,1.874,31029,10,-0.432,22536,7,-0.506,23879,8,24.493,11637,4,23.234,12962,4,0.105,18878,6,0.168,12452,4,-0.947,28936,9,0.123,31606,10,-0.958,29484,9,3.196,3970,2,0.101,14887,5,0.628,7154,3,1899,297,1518,84,1534
"E01004283","Tower Hamlets 016A",152037.0077515,1891.18760518394,8223,3,29.565,8223,3,0.237,4683,2,0.111,10881,4,21.326,12953,4,0.253,12293,4,0.187,13726,5,29.92,7025,3,35.067,6214,2,0.298,4489,2,0.394,2002,1,-0.717,26714,9,0.413,5956,2,-0.917,29118,9,4.061,2349,1,-0.215,19848,7,1.943,495,1,2607,543,1710,354,1669.5
"E01004284","Tower Hamlets 019A",191962.58296,2456.42239225457,7366,3,31.368,7366,3,0.265,3396,2,0.13,8516,3,13.473,18617,6,0.402,10296,4,0.297,11967,4,33.013,5067,2,25.179,11665,4,0.335,3079,1,0.646,122,1,-0.197,19343,6,0.292,16923,6,-1.667,32426,10,4.626,1480,1,-0.579,24896,8,1.473,1723,1,3602,883,2492,227,2477.5
"E01004285","Tower Hamlets 019B",123839.530318,1970.74913033609,4342,2,39.744,4342,2,0.276,3001,1,0.152,6403,2,39.002,5637,2,0.589,8068,3,0.512,8919,3,38.3,2737,1,28.273,9799,3,0.272,5763,2,0.587,248,1,-0.541,24492,8,0.535,1066,1,-1.688,32459,10,5.224,775,1,-0.615,25359,8,1.724,957,1,2206,608,1424,174,1396
"E01004286","Tower Hamlets 019C",156307.7229095,2505.38387457049,5381,2,36.494,5381,2,0.246,4228,2,0.163,5487,2,22.471,12259,4,0.392,10443,4,0.81,5300,2,26.994,9285,3,42.275,3597,2,0.252,6766,3,0.443,1176,1,-0.45,23205,8,0.41,6209,2,-1.185,30956,10,3.75,2944,1,0.326,11527,4,1.877,609,1,2557,608,1676,273,1665.25
"E01004287","Tower Hamlets 016B",85310.642558,1329.52279815755,8047,3,29.947,8047,3,0.24,4514,2,0.12,9711,3,19.707,13937,5,0.315,11422,4,0.167,14048,5,28.426,8092,3,34.912,6285,2,0.244,7264,3,0.554,340,1,-0.156,18701,6,0.358,10000,4,-1.043,30107,10,3.912,2632,1,-0.267,20631,7,1.98,445,1,2321,536,1456,329,1478.5
"E01004288","Tower Hamlets 019D",101913.4471825,1904.22812507486,4874,2,37.996,4874,2,0.262,3503,2,0.161,5647,2,30.768,8278,3,0.79,5989,2,0.513,8905,3,29.377,7391,3,32.368,7541,3,0.232,7921,3,0.462,957,1,-0.558,24710,8,0.484,2604,1,-1.532,32177,10,4.138,2210,1,-0.597,25129,8,2.014,398,1,1747,460,1103,184,1060.5
"E01004289","Tower Hamlets 016C",105527.7257365,2033.68996918314,6032,2,34.596,6032,2,0.212,5970,2,0.136,7920,3,15.779,16770,6,0.959,4547,2,0.867,4731,2,28.268,8209,3,39.329,4489,2,0.249,6930,3,0.468,888,1,-0.807,27698,9,0.363,9552,3,-1.432,31944,10,3.985,2498,1,-0.078,17685,6,2.135,235,1,2076,383,1452,241,1415.5
"E01004290","Tower Hamlets 016D",99611.14224,2163.18150973798,8732,3,28.558,8732,3,0.196,6890,3,0.106,11618,4,12.545,19462,6,0.404,10279,4,0.809,5312,2,29.809,7099,3,34.799,6329,2,0.281,5275,2,0.338,3355,2,0.016,15815,5,0.243,22466,7,-1.205,31047,10,4.139,2204,1,-0.689,26216,8,2.259,125,1,1932,366,1342,224,1331
"E01004291","Tower Hamlets 027A",113169.51313,1936.4392514117,24676,8,9.872,24676,8,0.066,22315,7,0.04,27781,9,5.502,26714,9,-0.435,22578,7,-0.354,21806,7,23.963,12186,4,26.702,10745,4,0.127,16303,5,0.162,13015,4,-0.297,20906,7,0.118,31732,10,-1.84,32655,10,3.307,3736,2,0.025,16056,5,1.059,3735,2,1983,213,1509,261,1561
"E01004292","Tower Hamlets 026A",149879.275002,2204.94736466363,27385,9,7.73,27385,9,0.045,27476,9,0.024,31829,10,3.334,29342,9,-0.49,23286,8,0.033,16173,5,22.351,13903,5,23.48,12797,4,0.102,19208,6,0.145,14628,5,-0.562,24754,8,0.083,32472,10,-0.813,28114,9,2.687,5125,2,-0.734,26674,9,1.416,1916,1,1894,229,1483,182,1510.25
"E01004293","Tower Hamlets 027B",326564.116832,3568.64318954969,26059,8,8.793,26059,8,0.06,23841,8,0.039,28151,9,2.813,29964,10,-0.936,28275,9,-0.411,22581,7,21.991,14340,5,32.699,7355,3,0.104,18923,6,0.146,14518,5,-0.692,26412,9,0.112,31869,10,-1.132,30684,10,2.804,4828,2,-0.36,22006,7,1.883,599,1,2177,213,1626,338,1686
"E01004294","Tower Hamlets 026B",214574.1037105,2711.94987000245,15535,5,18.648,15535,5,0.146,10874,4,0.084,15509,5,6.7,25369,8,-0.169,18665,6,-0.666,25829,8,29.949,7003,3,32.095,7662,3,0.239,7541,3,0.32,3952,2,-0.386,22248,7,0.203,26835,9,-0.556,24880,8,3.824,2806,1,-0.055,17342,6,1.59,1344,1,1818,254,1405,159,1446
"E01004295","Tower Hamlets 026C",80172.213058,1183.27681615764,7506,3,31.081,7506,3,0.236,4735,2,0.115,10309,4,30.84,8243,3,-0.125,17974,6,0.62,7446,3,31.822,5763,2,31.168,8169,3,0.242,7379,3,0.477,807,1,-0.481,23648,8,0.481,2718,1,-0.458,23395,8,3.991,2491,1,-1.133,29915,10,2.117,257,1,1879,586,1130,163,1116
"E01004296","Tower Hamlets 026D",133960.059077,1766.02574116805,10142,4,26.077,10142,4,0.205,6389,2,0.113,10657,4,14.003,18162,6,-0.008,16141,5,0.534,8620,3,31.42,6014,2,22.962,13149,5,0.27,5874,2,0.441,1206,1,-0.201,19412,6,0.299,16083,5,-1.984,32753,10,4.454,1742,1,-0.658,25859,8,1.344,2238,1,2279,468,1593,218,1602.5
"E01004297","Tower Hamlets 027C",117907.703831,1952.03703106681,25393,8,9.299,25393,8,0.071,21277,7,0.041,27597,9,3.518,29108,9,-0.717,26099,8,-0.11,18281,6,21.026,15473,5,26.546,10839,4,0.129,16091,5,0.201,9911,4,-0.548,24572,8,0.099,32183,10,-1.996,32760,10,2.763,4931,2,0.064,15455,5,0.998,4148,2,1972,255,1504,213,1511.25
"E01004298","Tower Hamlets 022A",91360.7696475,1609.88794482329,3911,2,41.255,3911,2,0.281,2837,1,0.15,6585,3,22.931,11954,4,1.019,4096,2,0.949,3936,2,28.729,7874,3,42.885,3427,2,0.273,5670,2,0.727,42,1,-0.577,24933,8,0.421,5514,2,-1.802,32614,10,4.078,2326,1,0.092,15006,5,2.223,146,1,1708,355,1167,186,1164.75
"E01004300","Tower Hamlets 022B",49215.74026,1306.89179299317,5313,2,36.677,5313,2,0.27,3222,1,0.172,4838,2,22.754,12065,4,0.695,6932,3,0.442,9875,4,29.811,7096,3,26.331,10972,4,0.307,4101,2,0.44,1221,1,-0.513,24086,8,0.416,5815,2,-1.129,30663,10,4.121,2236,1,-1.036,29307,9,1.74,914,1,1541,382,952,207,938.5
"E01004301","Tower Hamlets 025B",83127.348444,1820.34768234823,5604,2,35.818,5604,2,0.268,3305,2,0.122,9389,3,17.606,15389,5,0.359,10874,4,1.173,2395,1,34.098,4523,2,33.159,7126,3,0.235,7801,3,0.763,21,1,-0.777,27371,9,0.38,8186,3,-0.876,28733,9,4.596,1528,1,-0.859,27854,9,2.186,180,1,1402,362,913,127,912.75
"E01004302","Tower Hamlets 025C",49116.887399,1536.49022683215,10599,4,25.269,10599,4,0.182,7909,3,0.096,13191,5,27.331,9681,3,-0.407,22204,7,-0.071,17707,6,36.844,3255,1,28.803,9511,3,0.217,8929,3,0.467,902,1,-0.125,18155,6,0.428,5103,2,-1.637,32377,10,5.035,941,1,-0.534,24323,8,1.716,975,1,2243,604,1515,124,1486.75
"E01004303","Tower Hamlets 025D",226054.5004705,3661.57469001202,11397,4,23.954,11397,4,0.194,7019,3,0.095,13440,5,8.672,23222,8,-0.177,18785,6,0.571,8128,3,30.574,6551,2,29.454,9122,3,0.304,4206,2,0.323,3841,2,-0.565,24798,8,0.263,20218,7,-0.948,29405,9,4.155,2170,1,-0.89,28110,9,1.917,541,1,2894,652,2001,241,1999.25
"E01004304","Tower Hamlets 022C",102477.4788535,1374.2659718633,4740,2,38.469,4740,2,0.271,3193,1,0.145,7053,3,24.368,11147,4,0.515,8929,3,0.937,4060,2,31.027,6256,2,40.973,3953,2,0.325,3435,2,0.527,480,1,-0.514,24097,8,0.43,4995,2,-1.611,32322,10,4.366,1847,1,-0.075,17647,6,2.28,109,1,2117,459,1437,221,1409.75
"E01004305","Tower Hamlets 022D",91858.681507,1747.28773299777,7611,3,30.888,7611,3,0.223,5329,2,0.12,9699,3,19.803,13881,5,0.128,14059,5,0.633,7293,3,31.299,6087,2,37.721,5094,2,0.288,4961,2,0.371,2535,1,-0.507,24000,8,0.387,7670,3,-1.77,32571,10,4.426,1777,1,-0.172,19178,6,2.106,270,1,2099,468,1360,271,1333.75
"E01004306","Tower Hamlets 015A",119511.53246,2119.89884750961,5304,2,36.699,5304,2,0.217,5671,2,0.13,8447,3,6.227,25923,8,0.628,7621,3,1.389,1393,1,30.649,6501,2,54.406,1254,1,0.234,7848,3,0.561,319,1,-0.719,26733,9,0.236,23289,8,-1.483,32076,10,4.306,1941,1,0.6,7941,3,2.689,6,1,1664,282,1198,184,1190
"E01004307","Tower Hamlets 015B",211749.5033335,2863.77959360195,19910,7,14.037,19910,7,0.056,24683,8,0.03,30545,10,11.276,20640,7,-0.636,25166,8,-0.435,22890,7,31.642,5883,2,49.918,1930,1,0.152,13860,5,0.314,4147,2,0.241,12292,4,0.097,32218,10,-1.101,30495,10,4.362,1856,1,0.514,8998,3,2.182,187,1,2869,198,2547,124,2602
"E01004308","Tower Hamlets 015C",83602.387867,1772.10392513898,8621,3,28.761,8621,3,0.223,5361,2,0.109,11198,4,13.694,18424,6,0.051,15209,5,0.895,4438,2,30.13,6872,3,30.48,8531,3,0.245,7175,3,0.53,464,1,-0.713,26666,9,0.337,11992,4,-1.089,30427,10,4.148,2183,1,-1.383,31125,10,2.113,265,1,1516,288,1044,184,1046
"E01004309","Tower Hamlets 015D",130242.580778,3049.63114590227,4749,2,38.451,4749,2,0.261,3549,2,0.17,4957,2,19.634,13995,5,0.813,5780,2,0.598,7779,3,32.346,5452,2,35.611,5965,2,0.318,3665,2,0.724,43,1,-0.337,21540,7,0.374,8710,3,-1.212,31087,10,4.488,1680,1,-0.756,26890,9,2.401,45,1,3314,528,2537,249,2500
"E01004310","Tower Hamlets 015E",91519.9868175,1635.56384899173,5125,2,37.267,5125,2,0.252,3936,2,0.15,6580,3,17.072,15761,5,0.701,6872,3,0.617,7483,3,33.299,4939,2,44.052,3140,1,0.333,3155,1,0.631,150,1,-0.189,19212,6,0.334,12345,4,-1.893,32694,10,4.676,1418,1,0.033,15921,5,2.643,11,1,1980,267,1531,182,1521.25
"E01004311","Tower Hamlets 006A",84500.4282525,1426.20786904887,4644,2,38.758,4644,2,0.257,3710,2,0.146,6926,3,13.487,18602,6,0.665,7236,3,1.658,657,1,27.841,8569,3,37.131,5332,2,0.355,2476,1,0.414,1613,1,-0.359,21846,7,0.309,14954,5,-1.388,31814,10,3.92,2621,1,-0.58,24906,8,2.533,23,1,1657,359,1097,201,1085.75
"E01004312","Tower Hamlets 009A",68948.631527,1739.84148750615,4384,2,39.603,4384,2,0.284,2758,1,0.145,7051,3,22.886,11977,4,0.744,6428,2,1.218,2141,1,29.672,7199,3,32.972,7218,3,0.343,2825,1,0.61,190,1,-0.573,24885,8,0.42,5549,2,-1.766,32563,10,4.196,2113,1,-0.642,25669,8,2.076,304,1,1551,285,1076,190,1067.75
"E01004313","Tower Hamlets 009B",81333.9007625,1853.37079058267,11032,4,24.564,11032,4,0.179,8127,3,0.085,15213,5,15.278,17146,6,0.012,15811,5,0.312,11763,4,31.823,5762,2,36.599,5538,2,0.257,6510,2,0.432,1327,1,-0.245,20133,7,0.32,13833,5,-2.256,32821,10,4.504,1663,1,-0.297,21101,7,2.128,242,1,2230,492,1578,160,1542.25
"E01004314","Tower Hamlets 006B",83315.7593335,1804.20687818781,13053,4,21.635,13053,4,0.114,14399,5,0.057,22359,7,2.712,30078,10,0.08,14822,5,1.405,1335,1,21.555,14837,5,44.536,3013,1,0.167,12564,4,0.299,4741,2,-0.834,27949,9,0.155,30388,10,-1.698,32476,10,2.843,4734,2,0.293,11966,4,2.088,290,1,1164,178,802,184,787.25
"E01004315","Tower Hamlets 006C",94072.707335,2057.59664362047,6850,3,32.576,6850,3,0.199,6721,3,0.107,11444,4,15.126,17271,6,0.445,9775,3,1.676,616,1,28.434,8085,3,34.287,6555,2,0.256,6562,2,0.516,550,1,0.078,14807,5,0.273,19074,6,-1.198,31020,10,3.962,2541,1,-0.797,27321,9,2.27,117,1,1744,228,1286,230,1304
"E01004316","Tower Hamlets 009C",34074.5494775,1180.91562858299,4542,2,39.089,4542,2,0.218,5647,2,0.13,8434,3,12.281,19687,6,0.59,8060,3,2.119,124,1,32.669,5286,2,46.213,2623,1,0.314,3828,2,0.476,822,1,-0.24,20064,7,0.281,18141,6,-1.677,32441,10,4.592,1537,1,0.176,13708,5,2.59,15,1,1137,195,829,113,836.5
"E01004317","Tower Hamlets 009D",274290.0895205,2670.66097753989,9244,3,27.603,9244,3,0.172,8610,3,0.09,14326,5,4.194,28293,9,0.374,10657,4,1.293,1789,1,31.478,5976,2,35.169,6157,2,0.343,2832,1,0.62,170,1,-0.574,24896,8,0.164,29930,10,-1.869,32678,10,4.456,1736,1,-0.574,24840,8,2.21,158,1,3633,504,2984,145,2976.5
"E01004318","Tower Hamlets 006D",57573.9618615,1555.91036196029,5572,2,35.903,5572,2,0.236,4712,2,0.163,5505,2,19.26,14216,5,0.609,7828,3,0.893,4456,2,28.408,8104,3,34.932,6275,2,0.316,3776,2,0.37,2560,1,-0.297,20916,7,0.367,9288,3,-2.231,32815,10,4.041,2387,1,-0.486,23737,8,2.138,233,1,1600,327,1131,142,1131.5
"E01004319","Tower Hamlets 021A",90902.692196,1997.21600317219,6845,3,32.582,6845,3,0.251,3962,2,0.122,9503,3,17.025,15797,5,0.207,12967,4,0.779,5645,2,32.759,5230,2,34.485,6475,2,0.243,7300,3,0.777,17,1,-1.026,29585,10,0.383,7964,3,-1.888,32692,10,4.607,1507,1,-0.872,27971,9,2.323,79,1,2099,488,1413,198,1400.75
"E01004321","Tower Hamlets 021C",105245.488495,2562.21206871912,6345,2,33.782,6345,2,0.264,3464,2,0.136,7867,3,13.022,19023,6,0.159,13628,5,0.867,4720,2,32.984,5090,2,34.102,6636,3,0.316,3780,2,0.652,112,1,-0.653,25955,8,0.327,13094,4,-1.629,32354,10,4.619,1489,1,-0.569,24779,8,2.121,249,1,1928,381,1342,205,1353.75
"E01004322","Tower Hamlets 017A",139931.2939075,2519.72655794205,6983,3,32.255,6983,3,0.192,7184,3,0.114,10461,4,11.588,20343,7,0.358,10885,4,1.521,989,1,30.651,6498,2,38.304,4883,2,0.209,9484,3,0.561,320,1,-0.548,24576,8,0.302,15735,5,-1.153,30804,10,4.249,2037,1,-0.446,23170,8,2.558,18,1,1346,242,977,127,982.75
"E01004323","Tower Hamlets 017B",70379.9911065,1319.77463916616,9137,3,27.821,9137,3,0.201,6631,3,0.095,13372,5,11.422,20496,7,0.844,5502,2,0.695,6565,2,29.256,7470,3,24.016,12408,4,0.238,7615,3,0.707,57,1,-0.933,28831,9,0.322,13586,5,-1.959,32734,10,4.144,2193,1,-0.899,28197,9,1.526,1531,1,1576,306,1145,125,1125.5
"E01004324","Tower Hamlets 017C",77386.650161,1551.51269228387,5052,2,37.489,5052,2,0.224,5287,2,0.128,8728,3,31.04,8163,3,1.239,2652,1,0.675,6782,3,32.236,5502,2,32.97,7219,3,0.19,10772,4,0.762,24,1,0.064,15014,5,0.442,4393,2,-1.453,32003,10,4.522,1640,1,-0.869,27950,9,2.178,191,1,1606,374,1114,118,1089.5
"E01004325","Tower Hamlets 021D",135439.074787,2187.85029028751,11050,4,24.528,11050,4,0.118,13938,5,0.044,26686,9,5.863,26309,9,-0.259,20009,7,0.748,5960,2,34.692,4226,2,76.669,23,1,0.268,5955,2,0.578,276,1,-0.299,20950,7,0.15,30673,10,-1.524,32161,10,4.802,1234,1,1.402,1452,1,2.412,43,1,3066,359,2551,156,2564.25
"E01004326","Tower Hamlets 017D",83845.9904575,1560.81534195857,10008,4,26.259,10008,4,0.162,9496,3,0.077,17038,6,11.803,20144,7,-0.1,17571,6,1.316,1686,1,30.032,6946,3,39.698,4359,2,0.211,9340,3,0.432,1327,1,-0.624,25580,8,0.31,14824,5,-1.977,32748,10,4.258,2021,1,-0.232,20112,7,2.354,63,1,1755,348,1247,160,1252.5
"E01032764","Tower Hamlets 004E",324746.0796525,4668.78382718681,12594,4,22.225,12594,4,0.122,13422,5,0.06,21514,7,6.505,25596,8,0.294,11712,4,0.817,5234,2,38.238,2752,1,30.682,8420,3,0.258,6465,2,0.425,1433,1,-0.263,20415,7,0.167,29740,10,-0.057,16676,6,4.331,1899,1,-0.492,23818,8,1.821,716,1,2066,269,1679,118,1695.25
"E01032765","Tower Hamlets 004F",81800.251169,2251.63654692581,8918,3,28.215,8918,3,0.209,6127,2,0.12,9640,3,20.301,13600,5,0.388,10509,4,0.091,15257,5,33.982,4582,2,22.205,13719,5,0.382,1809,1,0.394,1998,1,0.359,10633,4,0.293,16698,6,-0.567,25025,8,4.377,1836,1,-1.313,30844,10,1.493,1651,1,1801,285,1378,138,1374.25
"E01032766","Tower Hamlets 021E",79883.7406065,1339.86938349811,14542,5,19.785,14542,5,0.127,12899,4,0.045,26345,9,13.234,18841,6,-0.241,19731,7,0.32,11632,4,34.113,4517,2,41.577,3772,2,0.323,3484,2,0.42,1515,1,0.326,11067,4,0.162,30041,10,-1.596,32290,10,4.747,1313,1,0.09,15029,5,2.12,251,1,1534,226,1248,60,1268.75
"E01032767","Tower Hamlets 021F",133662.5432455,1812.73347144072,22328,7,11.859,22328,7,0.05,26253,8,0.018,32387,10,7.964,23989,8,-0.335,21197,7,-0.771,27013,9,27.524,8817,3,46.728,2504,1,0.299,4426,2,0.278,5599,2,-0.011,16279,5,0.06,32724,10,-1.213,31095,10,3.835,2778,1,0.681,6981,3,1.673,1083,1,2341,109,2163,69,2195.25
"E01032768","Tower Hamlets 025E",69880.2128385,1208.27473348374,21107,7,12.944,21107,7,0.025,31644,10,0.015,32573,10,1.094,31916,10,-0.382,21887,7,0.542,8510,3,33.227,4975,2,43.494,3296,2,0.086,21345,7,0.112,18362,6,-1.083,29986,10,0.067,32668,10,-0.041,16388,5,3.579,3232,1,0.368,10970,4,1.915,545,1,1586,184,1330,72,1370
"E01032769","Tower Hamlets 025F",103713.0994085,1863.65014928052,16124,5,17.995,16124,5,0.108,15268,5,0.044,26766,9,5.062,27217,9,-0.246,19811,7,1.053,3127,1,26.218,9968,4,36.588,5546,2,0.196,10329,4,0.337,3393,2,-0.391,22338,7,0.145,30884,10,-0.631,25959,8,3.247,3863,2,-0.428,22947,7,2.228,141,1,1450,249,1092,109,1130.5
"E01032770","Tower Hamlets 032B",43909.8500515,1487.54290013213,17320,6,16.648,17320,6,0.133,12243,4,0.058,22131,7,4.763,27591,9,0.118,14239,5,0.041,16021,5,30.24,6803,3,21.83,13962,5,0.21,9421,3,0.502,639,1,-0.415,22689,7,0.136,31222,10,-0.767,27609,9,4.025,2418,1,-0.258,20501,7,0.957,4448,2,1420,274,1047,99,1062
"E01032771","Tower Hamlets 033B",353148.227763,3562.20444516004,20860,7,13.182,20860,7,0.109,15080,5,0.055,23146,8,9.051,22803,7,-0.575,24384,8,-2.249,32770,10,33.139,5006,2,19.383,15752,5,0.208,9525,3,0.244,7234,3,0.001,16088,5,0.161,30083,10,-0.449,23249,8,4.145,2191,1,0.462,9706,3,-0.868,28189,9,1542,281,1202,59,1209
"E01032772","Tower Hamlets 032C",83042.8033945,1780.0405656382,11466,4,23.845,11466,4,0.161,9542,3,0.081,16023,5,6.559,25528,8,0.456,9637,3,0.397,10497,4,35.326,3924,2,30.05,8778,3,0.258,6478,2,0.592,233,1,-0.601,25255,8,0.23,23941,8,-1.009,29866,10,4.781,1264,1,-0.176,19249,6,1.55,1459,1,1644,184,1350,110,1331.5
"E01032773","Tower Hamlets 032D",33914.354901,1044.48942338831,19572,6,14.374,19572,6,0.112,14738,5,0.037,28681,9,7.106,24940,8,-0.543,23973,8,-1.071,29625,10,41.832,1702,1,21.087,14492,5,0.39,1658,1,0.249,6987,3,-0.161,18771,6,0.15,30655,10,-0.537,24616,8,5.274,734,1,0.039,15828,5,0.494,8477,3,3102,377,2627,98,2655.5
"E01032774","Tower Hamlets 032E",204297.1481035,2482.83039758371,7916,3,30.236,7916,3,0.189,7419,3,0.121,9525,3,27.345,9669,3,0.738,6497,2,-0.021,17007,6,36.445,3435,2,23.299,12927,4,0.229,8159,3,0.532,449,1,0.928,4317,2,0.254,21206,7,-0.452,23301,8,4.593,1532,1,0.081,15185,5,0.665,6806,3,1466,376,1012,78,1001
"E01032775","Tower Hamlets 031F",32986.4430755,1336.80765524626,25292,8,9.375,25292,8,0.046,27216,9,0.028,31102,10,13.129,18922,6,-0.206,19212,6,-0.965,28814,9,24.965,11148,4,26.259,11011,4,0.114,17761,6,0.137,15382,5,0.377,10398,4,0.097,32221,10,-1.048,30151,10,3.331,3701,2,0.163,13919,5,0.831,5395,2,1214,183,954,77,956.25
"E01032776","Tower Hamlets 028E",83533.200148,1613.40699309244,24799,8,9.775,24799,8,0.029,30953,10,0.013,32658,10,6.132,26033,8,-0.505,23493,8,-0.232,20097,7,31.813,5773,2,32.528,7451,3,0.111,18081,6,0.147,14430,5,-0.197,19351,6,0.086,32410,10,-0.658,26338,9,4.154,2172,1,-0.296,21087,7,1.821,714,1,1602,171,1393,38,1439.5
"E01032777","Tower Hamlets 028F",113109.826359,1895.65100169647,15657,5,18.527,15657,5,0.121,13510,5,0.07,18860,6,8.4,23529,8,0.035,15462,5,-0.704,26260,8,41.007,1926,1,21.429,14240,5,0.222,8599,3,0.236,7778,3,-0.087,17510,6,0.173,29299,9,0.319,10499,4,4.02,2435,1,-0.663,25917,8,1.223,2814,1,1586,244,1272,70,1268
"E01032778","Tower Hamlets 028G",306326.750894,4149.55157682028,16614,6,17.421,16614,6,0.057,24431,8,0.03,30655,10,10.553,21307,7,-0.289,20479,7,0.395,10526,4,34.053,4550,2,54.269,1275,1,0.162,12928,4,0.102,19788,7,0.185,13128,4,0.098,32193,10,0.004,15599,5,3.62,3146,1,0.671,7082,3,2.267,121,1,1135,159,918,58,944.25
"E01032779","Tower Hamlets 028H",28286.049286,1005.93199253476,16738,6,17.288,16738,6,0.085,18664,6,0.042,27433,9,11.677,20253,7,-0.284,20410,7,-0.926,28494,9,33.827,4664,2,53.514,1361,1,0.198,10175,4,0.128,16408,5,0.252,12121,4,0.126,31528,10,0.023,15289,5,3.553,3289,2,0.9,4710,2,1.761,868,1,1614,281,1287,46,1269.25
"E01032780","Tower Hamlets 028I",352538.731612,3498.81767534521,17778,6,16.174,17778,6,0.068,22013,7,0.023,31959,10,3.267,29420,9,-0.375,21797,7,-0.142,18773,6,30.691,6476,2,63.287,412,1,0.185,11116,4,0.223,8460,3,-0.552,24630,8,0.044,32828,10,0.101,13911,5,2.765,4924,2,1.205,2418,1,1.811,752,1,1675,206,1399,70,1375.5
"E01032781","Tower Hamlets 033C",54367.9322885,1947.745785845,21416,7,12.666,21416,7,0.103,15950,5,0.049,25130,8,3.319,29362,9,-0.206,19222,6,-0.594,25023,8,24.832,11289,4,30.821,8355,3,0.232,7922,3,0.298,4771,2,-0.587,25070,8,0.102,32106,10,-1.229,31171,10,3.372,3614,2,0.04,15804,5,1.38,2080,1,1785,288,1393,104,1378
"E01032782","Tower Hamlets 033D",75507.7393085,1821.88813651199,14749,5,19.565,14749,5,0.099,16390,5,0.048,25283,8,13.709,18407,6,-0.173,18715,6,-0.553,24499,8,43.595,1303,1,40.599,4073,2,0.293,4717,2,0.223,8460,3,0.228,12472,4,0.215,25625,8,-0.894,28894,9,5.784,423,1,0.644,7405,3,1.274,2580,1,2436,320,2046,70,2013.5
"E01032783","Tower Hamlets 031G",82073.4304105,2177.23247339633,16421,5,17.654,16421,5,0.148,10649,4,0.068,19180,6,8.355,23572,8,0.042,15361,5,-0.035,17212,6,26.271,9917,4,24.037,12385,4,0.262,6214,2,0.556,334,1,-0.079,17400,6,0.169,29601,10,-1.131,30679,10,3.599,3195,1,0.109,14767,5,0.698,6508,2,1498,184,1175,139,1184.75
"E01032784","Tower Hamlets 004G",64525.70296,1808.75812077498,12196,4,22.78,12196,4,0.129,12658,4,0.057,22534,7,6.692,25386,8,0.815,5757,2,0.627,7363,3,35.167,4009,2,28.936,9415,3,0.245,7183,3,0.526,489,1,-0.275,20591,7,0.177,29006,9,-0.839,28366,9,4.702,1377,1,0.141,14261,5,1.101,3489,2,1790,280,1412,98,1435.5
"E01032785","Tower Hamlets 010E",72773.1117015,1320.36981673065,13712,5,20.779,13712,5,0.156,9910,4,0.071,18462,6,4.783,27568,9,-0.231,19599,6,-0.474,23414,8,31.038,6251,2,49.045,2065,1,0.265,6106,2,0.307,4415,2,-0.421,22768,7,0.14,31059,10,-0.643,26121,8,4.047,2376,1,1.057,3429,2,1.065,3694,2,2153,564,1511,78,1515.25
"E01032786","Tower Hamlets 010F",55613.2619,1276.63116846427,9758,3,26.705,9758,3,0.198,6766,3,0.132,8275,3,15.966,16614,6,0.264,12129,4,0.152,14275,5,27.553,8794,3,25.914,11212,4,0.237,7653,3,0.3,4704,2,-0.111,17922,6,0.312,14623,5,-1.271,31362,10,3.855,2743,1,-0.853,27795,9,1.653,1145,1,1589,442,1007,140,993.25
"E01032787","Tower Hamlets 011F",107003.438587,1934.47012727913,6192,2,34.191,6192,2,0.264,3443,2,0.136,7888,3,27.342,9671,3,0.01,15846,5,0.931,4120,2,31.894,5724,2,24.545,12058,4,0.303,4261,2,0.535,432,1,-0.136,18359,6,0.429,5038,2,-1.389,31815,10,4.468,1715,1,-0.985,28940,9,1.601,1309,1,2482,646,1609,227,1593.75
