Area,Date,utcdate,time,utctimestamp, incidents,mean sec,mean ms,Category,period,min change,ms change,type
E2,01/06/2019,01/06/2019,T00:00:00.000Z,2019-06-01T00:00:00.000Z,68,00:05:55,355000,1,Before,00:00:00,0,E2 postcode district
E2,01/06/2019,01/06/2019,T00:00:00.000Z,2019-06-01T00:00:00.000Z,340,00:17:46,1066000,2,Before,00:00:00,0,E2 postcode district
E2,01/07/2019,01/07/2019,T00:00:00.000Z,2019-07-01T00:00:00.000Z,80,00:05:03,303000,1,Before,00:00:00,0,E2 postcode district
E2,01/07/2019,01/07/2019,T00:00:00.000Z,2019-07-01T00:00:00.000Z,321,00:18:02,1082000,2,Before,00:00:00,0,E2 postcode district
E2,01/08/2019,01/08/2019,T00:00:00.000Z,2019-08-01T00:00:00.000Z,73,00:05:25,325000,1,Before,00:00:00,0,E2 postcode district
E2,01/08/2019,01/08/2019,T00:00:00.000Z,2019-08-01T00:00:00.000Z,332,00:14:47,887000,2,Before,00:00:00,0,E2 postcode district
E2,01/09/2019,01/09/2019,T00:00:00.000Z,2019-09-01T00:00:00.000Z,55,00:04:52,292000,1,Before,00:00:00,0,E2 postcode district
E2,01/09/2019,01/09/2019,T00:00:00.000Z,2019-09-01T00:00:00.000Z,337,00:13:52,832000,2,Before,00:00:00,0,E2 postcode district
E2,01/10/2019,01/10/2019,T00:00:00.000Z,2019-10-01T00:00:00.000Z,57,00:06:20,380000,1,Before,00:00:00,0,E2 postcode district
E2,01/10/2019,01/10/2019,T00:00:00.000Z,2019-10-01T00:00:00.000Z,327,00:16:51,1011000,2,Before,00:00:00,0,E2 postcode district
E2,01/11/2019,01/11/2019,T00:00:00.000Z,2019-11-01T00:00:00.000Z,56,00:05:08,308000,1,Before,00:00:00,0,E2 postcode district
E2,01/11/2019,01/11/2019,T00:00:00.000Z,2019-11-01T00:00:00.000Z,359,00:18:18,1098000,2,Before,00:00:00,0,E2 postcode district
E2,01/12/2019,01/12/2019,T00:00:00.000Z,2019-12-01T00:00:00.000Z,74,00:06:30,390000,1,Before-6-month,00:00:00,0,E2 postcode district
E2,01/12/2019,01/12/2019,T00:00:00.000Z,2019-12-01T00:00:00.000Z,384,00:21:49,1309000,2,Before-6-month,00:00:00,0,E2 postcode district
E2,01/01/2020,01/01/2020,T00:00:00.000Z,2020-01-01T00:00:00.000Z,49,00:05:33,333000,1,Before-6-month,00:00:00,0,E2 postcode district
E2,01/01/2020,01/01/2020,T00:00:00.000Z,2020-01-01T00:00:00.000Z,413,00:15:03,903000,2,Before-6-month,00:00:00,0,E2 postcode district
E2,01/02/2020,01/02/2020,T00:00:00.000Z,2020-02-01T00:00:00.000Z,50,00:05:25,325000,1,Before-6-month,00:00:00,0,E2 postcode district
E2,01/02/2020,01/02/2020,T00:00:00.000Z,2020-02-01T00:00:00.000Z,378,00:19:49,1189000,2,Before-6-month,00:00:00,0,E2 postcode district
E2,01/03/2020,01/03/2020,T00:00:00.000Z,2020-03-01T00:00:00.000Z,59,00:08:49,529000,1,Before-6-month,00:00:00,0,E2 postcode district
E2,01/03/2020,01/03/2020,T00:00:00.000Z,2020-03-01T00:00:00.000Z,353,00:39:04,2344000,2,Before-6-month,00:00:00,0,E2 postcode district
E2,01/04/2020,01/04/2020,T00:00:00.000Z,2020-04-01T00:00:00.000Z,47,00:06:11,371000,1,Before-6-month,00:00:00,0,E2 postcode district
E2,01/04/2020,01/04/2020,T00:00:00.000Z,2020-04-01T00:00:00.000Z,287,00:16:54,1014000,2,Before-6-month,00:00:00,0,E2 postcode district
E2,01/05/2020,01/05/2020,T00:00:00.000Z,2020-05-01T00:00:00.000Z,49,00:04:53,293000,1,Before-6-month,00:00:00,0,E2 postcode district
E2,01/05/2020,01/05/2020,T00:00:00.000Z,2020-05-01T00:00:00.000Z,274,00:06:30,390000,2,Before-6-month,00:00:00,0,E2 postcode district
E2,01/06/2020,01/06/2020,T00:00:00.000Z,2020-06-01T00:00:00.000Z,38,00:04:28,268000,1,Before,00:00:00,0,E2 postcode district
E2,01/06/2020,01/06/2020,T00:00:00.000Z,2020-06-01T00:00:00.000Z,293,00:07:41,461000,2,Before,00:00:00,0,E2 postcode district
E2,01/07/2020,01/07/2020,T00:00:00.000Z,2020-07-01T00:00:00.000Z,36,00:05:03,303000,1,After,00:00:00,0,E2 postcode district
E2,01/07/2020,01/07/2020,T00:00:00.000Z,2020-07-01T00:00:00.000Z,315,00:08:17,497000,2,After,00:00:00,0,E2 postcode district
E2,01/08/2020,01/08/2020,T00:00:00.000Z,2020-08-01T00:00:00.000Z,41,00:04:50,290000,1,After,00:00:00,0,E2 postcode district
E2,01/08/2020,01/08/2020,T00:00:00.000Z,2020-08-01T00:00:00.000Z,325,00:12:08,728000,2,After,00:00:00,0,E2 postcode district
E2,01/09/2020,01/09/2020,T00:00:00.000Z,2020-09-01T00:00:00.000Z,51,00:04:44,284000,1,After,00:00:00,0,E2 postcode district
E2,01/09/2020,01/09/2020,T00:00:00.000Z,2020-09-01T00:00:00.000Z,342,00:13:32,812000,2,After,00:00:00,0,E2 postcode district
E2,01/10/2020,01/10/2020,T00:00:00.000Z,2020-10-01T00:00:00.000Z,45,00:04:15,255000,1,After,00:00:00,0,E2 postcode district
E2,01/10/2020,01/10/2020,T00:00:00.000Z,2020-10-01T00:00:00.000Z,364,00:12:29,749000,2,After,00:00:00,0,E2 postcode district
E2,01/11/2020,01/11/2020,T00:00:00.000Z,2020-11-01T00:00:00.000Z,38,00:04:28,268000,1,After,00:00:00,0,E2 postcode district
E2,01/11/2020,01/11/2020,T00:00:00.000Z,2020-11-01T00:00:00.000Z,345,00:12:49,769000,2,After,00:00:00,0,E2 postcode district
E2,01/12/2020,01/12/2020,T00:00:00.000Z,2020-12-01T00:00:00.000Z,54,00:05:11,311000,1,After,00:00:00,0,E2 postcode district
E2,01/12/2020,01/12/2020,T00:00:00.000Z,2020-12-01T00:00:00.000Z,417,00:48:35,2915000,2,After,00:00:00,0,E2 postcode district
E2,01/01/2021,01/01/2021,T00:00:00.000Z,2021-01-01T00:00:00.000Z,63,00:05:14,314000,1,After,00:00:00,0,E2 postcode district
E2,01/01/2021,01/01/2021,T00:00:00.000Z,2021-01-01T00:00:00.000Z,447,00:38:03,2283000,2,After,00:00:00,0,E2 postcode district
E2,01/02/2021,01/02/2021,T00:00:00.000Z,2021-02-01T00:00:00.000Z,31,00:03:49,229000,1,After,00:00:00,0,E2 postcode district
E2,01/02/2021,01/02/2021,T00:00:00.000Z,2021-02-01T00:00:00.000Z,288,00:09:59,599000,2,After,00:00:00,0,E2 postcode district
E2,01/03/2021,01/03/2021,T00:00:00.000Z,2021-03-01T00:00:00.000Z,38,00:04:19,259000,1,After,00:00:00,0,E2 postcode district
E2,01/03/2021,01/03/2021,T00:00:00.000Z,2021-03-01T00:00:00.000Z,315,00:10:26,626000,2,After,00:00:00,0,E2 postcode district
E2,01/04/2021,01/04/2021,T00:00:00.000Z,2021-04-01T00:00:00.000Z,52,00:05:11,311000,1,After,00:00:00,0,E2 postcode district
E2,01/04/2021,01/04/2021,T00:00:00.000Z,2021-04-01T00:00:00.000Z,333,00:15:25,925000,2,After,00:00:00,0,E2 postcode district
E2,01/05/2021,01/05/2021,T00:00:00.000Z,2021-05-01T00:00:00.000Z,65,00:04:42,282000,1,After,00:00:00,0,E2 postcode district
E2,01/05/2021,01/05/2021,T00:00:00.000Z,2021-05-01T00:00:00.000Z,411,00:18:41,1121000,2,After,00:00:00,0,E2 postcode district
E2,01/06/2021,01/06/2021,T00:00:00.000Z,2021-06-01T00:00:00.000Z,74,00:05:29,329000,1,After,00:00:00,0,E2 postcode district
E2,01/06/2021,01/06/2021,T00:00:00.000Z,2021-06-01T00:00:00.000Z,411,00:26:09,1569000,2,After,00:00:00,0,E2 postcode district
E2,01/07/2021,01/07/2021,T00:00:00.000Z,2021-07-01T00:00:00.000Z,72,00:06:13,373000,1,After,00:00:00,0,E2 postcode district
E2,01/07/2021,01/07/2021,T00:00:00.000Z,2021-07-01T00:00:00.000Z,389,00:43:05,2585000,2,After,00:00:00,0,E2 postcode district
E2,01/08/2021,01/08/2021,T00:00:00.000Z,2021-08-01T00:00:00.000Z,58,00:05:52,352000,1,After,00:00:00,0,E2 postcode district
E2,01/08/2021,01/08/2021,T00:00:00.000Z,2021-08-01T00:00:00.000Z,371,00:39:13,2353000,2,After,00:00:00,0,E2 postcode district
E2,01/09/2021,01/09/2021,T00:00:00.000Z,2021-09-01T00:00:00.000Z,63,00:05:43,343000,1,After,00:00:00,0,E2 postcode district
E2,01/09/2021,01/09/2021,T00:00:00.000Z,2021-09-01T00:00:00.000Z,337,00:44:10,2650000,2,After,00:00:00,0,E2 postcode district
E2,01/10/2021,01/10/2021,T00:00:00.000Z,2021-10-01T00:00:00.000Z,74,00:07:09,429000,1,After,00:00:00,0,E2 postcode district
E2,01/10/2021,01/10/2021,T00:00:00.000Z,2021-10-01T00:00:00.000Z,366,00:49:59,2999000,2,After,00:33:08,1988000,E2 postcode district
E2,01/11/2021,01/11/2021,T00:00:00.000Z,2021-11-01T00:00:00.000Z,68,00:06:37,397000,1,After,00:01:29,89000,E2 postcode district
E2,01/11/2021,01/11/2021,T00:00:00.000Z,2021-11-01T00:00:00.000Z,371,00:43:55,2635000,2,After,00:25:37,1537000,E2 postcode district
E2,01/12/2021,01/12/2021,T00:00:00.000Z,2021-12-01T00:00:00.000Z,67,00:06:06,366000,1,After-6-month,###############################################################################################################################################################################################################################################################,-24000,E2 postcode district
E2,01/12/2021,01/12/2021,T00:00:00.000Z,2021-12-01T00:00:00.000Z,367,00:56:48,3408000,2,After-6-month,00:34:59,2099000,E2 postcode district
E2,01/01/2022,01/01/2022,T00:00:00.000Z,2022-01-01T00:00:00.000Z,73,00:05:49,349000,1,After-6-month,00:00:16,16000,E2 postcode district
E2,01/01/2022,01/01/2022,T00:00:00.000Z,2022-01-01T00:00:00.000Z,312,00:30:21,1821000,2,After-6-month,00:15:18,918000,E2 postcode district
E2,01/02/2022,01/02/2022,T00:00:00.000Z,2022-02-01T00:00:00.000Z,59,00:05:24,324000,1,After-6-month,###############################################################################################################################################################################################################################################################,-1000,E2 postcode district
E2,01/02/2022,01/02/2022,T00:00:00.000Z,2022-02-01T00:00:00.000Z,276,00:31:58,1918000,2,After-6-month,00:12:09,729000,E2 postcode district
E2,01/03/2022,01/03/2022,T00:00:00.000Z,2022-03-01T00:00:00.000Z,57,00:06:31,391000,1,After-6-month,###############################################################################################################################################################################################################################################################,-138000,E2 postcode district
E2,01/03/2022,01/03/2022,T00:00:00.000Z,2022-03-01T00:00:00.000Z,332,00:48:15,2895000,2,After-6-month,00:09:11,551000,E2 postcode district
E2,01/04/2022,01/04/2022,T00:00:00.000Z,2022-04-01T00:00:00.000Z,63,00:05:09,309000,1,After-6-month,###############################################################################################################################################################################################################################################################,-62000,E2 postcode district
E2,01/04/2022,01/04/2022,T00:00:00.000Z,2022-04-01T00:00:00.000Z,303,00:37:25,2245000,2,After-6-month,00:20:31,1231000,E2 postcode district
E2,01/05/2022,01/05/2022,T00:00:00.000Z,2022-05-01T00:00:00.000Z,68,00:06:00,360000,1,After-6-month,00:01:07,67000,E2 postcode district
E2,01/05/2022,01/05/2022,T00:00:00.000Z,2022-05-01T00:00:00.000Z,296,00:40:28,2428000,2,After-6-month,00:33:58,2038000,E2 postcode district
E2,01/06/2022,01/06/2022,T00:00:00.000Z,2022-06-01T00:00:00.000Z,67,00:08:01,481000,1,After,00:03:33,213000,E2 postcode district
E2,01/06/2022,01/06/2022,T00:00:00.000Z,2022-06-01T00:00:00.000Z,271,00:56:36,3396000,2,After,00:48:55,2935000,E2 postcode district
E2 0,01/06/2019,01/06/2019,T00:00:00.000Z,2019-06-01T00:00:00.000Z,21,00:05:37,337000,1,Before,00:00:00,0,E2 LTN areas
E2 0,01/06/2019,01/06/2019,T00:00:00.000Z,2019-06-01T00:00:00.000Z,96,00:17:16,1036000,2,Before,00:00:00,0,E2 LTN areas
E2 0,01/07/2019,01/07/2019,T00:00:00.000Z,2019-07-01T00:00:00.000Z,25,00:05:20,320000,1,Before,00:00:00,0,E2 LTN areas
E2 0,01/07/2019,01/07/2019,T00:00:00.000Z,2019-07-01T00:00:00.000Z,71,00:18:01,1081000,2,Before,00:00:00,0,E2 LTN areas
E2 0,01/08/2019,01/08/2019,T00:00:00.000Z,2019-08-01T00:00:00.000Z,16,00:04:58,298000,1,Before,00:00:00,0,E2 LTN areas
E2 0,01/08/2019,01/08/2019,T00:00:00.000Z,2019-08-01T00:00:00.000Z,67,00:14:15,855000,2,Before,00:00:00,0,E2 LTN areas
E2 0,01/09/2019,01/09/2019,T00:00:00.000Z,2019-09-01T00:00:00.000Z,15,00:05:53,353000,1,Before,00:00:00,0,E2 LTN areas
E2 0,01/09/2019,01/09/2019,T00:00:00.000Z,2019-09-01T00:00:00.000Z,74,00:14:10,850000,2,Before,00:00:00,0,E2 LTN areas
E2 0,01/10/2019,01/10/2019,T00:00:00.000Z,2019-10-01T00:00:00.000Z,16,00:05:05,305000,1,Before,00:00:00,0,E2 LTN areas
E2 0,01/10/2019,01/10/2019,T00:00:00.000Z,2019-10-01T00:00:00.000Z,54,00:18:48,1128000,2,Before,00:00:00,0,E2 LTN areas
E2 0,01/11/2019,01/11/2019,T00:00:00.000Z,2019-11-01T00:00:00.000Z,9,00:05:22,322000,1,Before,00:00:00,0,E2 LTN areas
E2 0,01/11/2019,01/11/2019,T00:00:00.000Z,2019-11-01T00:00:00.000Z,77,00:19:51,1191000,2,Before,00:00:00,0,E2 LTN areas
E2 0,01/12/2019,01/12/2019,T00:00:00.000Z,2019-12-01T00:00:00.000Z,20,00:06:08,368000,1,Before-6-month,00:00:00,0,E2 LTN areas
E2 0,01/12/2019,01/12/2019,T00:00:00.000Z,2019-12-01T00:00:00.000Z,98,00:20:54,1254000,2,Before-6-month,00:00:00,0,E2 LTN areas
E2 0,01/01/2020,01/01/2020,T00:00:00.000Z,2020-01-01T00:00:00.000Z,8,00:05:58,358000,1,Before-6-month,00:00:00,0,E2 LTN areas
E2 0,01/01/2020,01/01/2020,T00:00:00.000Z,2020-01-01T00:00:00.000Z,84,00:15:44,944000,2,Before-6-month,00:00:00,0,E2 LTN areas
E2 0,01/02/2020,01/02/2020,T00:00:00.000Z,2020-02-01T00:00:00.000Z,14,00:04:56,296000,1,Before-6-month,00:00:00,0,E2 LTN areas
E2 0,01/02/2020,01/02/2020,T00:00:00.000Z,2020-02-01T00:00:00.000Z,99,00:19:31,1171000,2,Before-6-month,00:00:00,0,E2 LTN areas
E2 0,01/03/2020,01/03/2020,T00:00:00.000Z,2020-03-01T00:00:00.000Z,14,00:07:24,444000,1,Before-6-month,00:00:00,0,E2 LTN areas
E2 0,01/03/2020,01/03/2020,T00:00:00.000Z,2020-03-01T00:00:00.000Z,66,00:33:53,2033000,2,Before-6-month,00:00:00,0,E2 LTN areas
E2 0,01/04/2020,01/04/2020,T00:00:00.000Z,2020-04-01T00:00:00.000Z,10,00:06:30,390000,1,Before-6-month,00:00:00,0,E2 LTN areas
E2 0,01/04/2020,01/04/2020,T00:00:00.000Z,2020-04-01T00:00:00.000Z,64,00:20:34,1234000,2,Before-6-month,00:00:00,0,E2 LTN areas
E2 0,01/05/2020,01/05/2020,T00:00:00.000Z,2020-05-01T00:00:00.000Z,7,00:04:27,267000,1,Before-6-month,00:00:00,0,E2 LTN areas
E2 0,01/05/2020,01/05/2020,T00:00:00.000Z,2020-05-01T00:00:00.000Z,77,00:07:08,428000,2,Before-6-month,00:00:00,0,E2 LTN areas
E2 0,01/06/2020,01/06/2020,T00:00:00.000Z,2020-06-01T00:00:00.000Z,13,00:04:34,274000,1,Before,00:00:00,0,E2 LTN areas
E2 0,01/06/2020,01/06/2020,T00:00:00.000Z,2020-06-01T00:00:00.000Z,68,00:07:02,422000,2,Before,00:00:00,0,E2 LTN areas
E2 0,01/07/2020,01/07/2020,T00:00:00.000Z,2020-07-01T00:00:00.000Z,9,00:04:52,292000,1,After,00:00:00,0,E2 LTN areas
E2 0,01/07/2020,01/07/2020,T00:00:00.000Z,2020-07-01T00:00:00.000Z,73,00:08:27,507000,2,After,00:00:00,0,E2 LTN areas
E2 0,01/08/2020,01/08/2020,T00:00:00.000Z,2020-08-01T00:00:00.000Z,14,00:03:55,235000,1,After,00:00:00,0,E2 LTN areas
E2 0,01/08/2020,01/08/2020,T00:00:00.000Z,2020-08-01T00:00:00.000Z,60,00:13:38,818000,2,After,00:00:00,0,E2 LTN areas
E2 0,01/09/2020,01/09/2020,T00:00:00.000Z,2020-09-01T00:00:00.000Z,11,00:04:02,242000,1,After,00:00:00,0,E2 LTN areas
E2 0,01/09/2020,01/09/2020,T00:00:00.000Z,2020-09-01T00:00:00.000Z,67,00:13:41,821000,2,After,00:00:00,0,E2 LTN areas
E2 0,01/10/2020,01/10/2020,T00:00:00.000Z,2020-10-01T00:00:00.000Z,7,00:03:15,195000,1,After,00:00:00,0,E2 LTN areas
E2 0,01/10/2020,01/10/2020,T00:00:00.000Z,2020-10-01T00:00:00.000Z,84,00:11:32,692000,2,After,00:00:00,0,E2 LTN areas
E2 0,01/11/2020,01/11/2020,T00:00:00.000Z,2020-11-01T00:00:00.000Z,5,00:04:44,284000,1,After,00:00:00,0,E2 LTN areas
E2 0,01/11/2020,01/11/2020,T00:00:00.000Z,2020-11-01T00:00:00.000Z,84,00:12:37,757000,2,After,00:00:00,0,E2 LTN areas
E2 0,01/12/2020,01/12/2020,T00:00:00.000Z,2020-12-01T00:00:00.000Z,12,00:03:19,199000,1,After,00:00:00,0,E2 LTN areas
E2 0,01/12/2020,01/12/2020,T00:00:00.000Z,2020-12-01T00:00:00.000Z,92,00:51:20,3080000,2,After,00:00:00,0,E2 LTN areas
E2 0,01/01/2021,01/01/2021,T00:00:00.000Z,2021-01-01T00:00:00.000Z,20,00:04:25,265000,1,After,00:00:00,0,E2 LTN areas
E2 0,01/01/2021,01/01/2021,T00:00:00.000Z,2021-01-01T00:00:00.000Z,117,00:37:58,2278000,2,After,00:00:00,0,E2 LTN areas
E2 0,01/02/2021,01/02/2021,T00:00:00.000Z,2021-02-01T00:00:00.000Z,11,00:03:03,183000,1,After,00:00:00,0,E2 LTN areas
E2 0,01/02/2021,01/02/2021,T00:00:00.000Z,2021-02-01T00:00:00.000Z,75,00:09:42,582000,2,After,00:00:00,0,E2 LTN areas
E2 0,01/03/2021,01/03/2021,T00:00:00.000Z,2021-03-01T00:00:00.000Z,11,00:04:53,293000,1,After,00:00:00,0,E2 LTN areas
E2 0,01/03/2021,01/03/2021,T00:00:00.000Z,2021-03-01T00:00:00.000Z,82,00:10:02,602000,2,After,00:00:00,0,E2 LTN areas
E2 0,01/04/2021,01/04/2021,T00:00:00.000Z,2021-04-01T00:00:00.000Z,13,00:06:10,370000,1,After,00:00:00,0,E2 LTN areas
E2 0,01/04/2021,01/04/2021,T00:00:00.000Z,2021-04-01T00:00:00.000Z,63,00:13:14,794000,2,After,00:00:00,0,E2 LTN areas
E2 0,01/05/2021,01/05/2021,T00:00:00.000Z,2021-05-01T00:00:00.000Z,10,00:04:18,258000,1,After,00:00:00,0,E2 LTN areas
E2 0,01/05/2021,01/05/2021,T00:00:00.000Z,2021-05-01T00:00:00.000Z,87,00:19:21,1161000,2,After,00:00:00,0,E2 LTN areas
E2 0,01/06/2021,01/06/2021,T00:00:00.000Z,2021-06-01T00:00:00.000Z,14,00:06:02,362000,1,After,00:00:00,0,E2 LTN areas
E2 0,01/06/2021,01/06/2021,T00:00:00.000Z,2021-06-01T00:00:00.000Z,93,00:23:43,1423000,2,After,00:00:00,0,E2 LTN areas
E2 0,01/07/2021,01/07/2021,T00:00:00.000Z,2021-07-01T00:00:00.000Z,15,00:07:00,420000,1,After,00:00:00,0,E2 LTN areas
E2 0,01/07/2021,01/07/2021,T00:00:00.000Z,2021-07-01T00:00:00.000Z,73,00:47:07,2827000,2,After,00:00:00,0,E2 LTN areas
E2 0,01/08/2021,01/08/2021,T00:00:00.000Z,2021-08-01T00:00:00.000Z,13,00:04:24,264000,1,After,00:00:00,0,E2 LTN areas
E2 0,01/08/2021,01/08/2021,T00:00:00.000Z,2021-08-01T00:00:00.000Z,71,00:43:11,2591000,2,After,00:00:00,0,E2 LTN areas
E2 0,01/09/2021,01/09/2021,T00:00:00.000Z,2021-09-01T00:00:00.000Z,17,00:04:38,278000,1,After,00:00:00,0,E2 LTN areas
E2 0,01/09/2021,01/09/2021,T00:00:00.000Z,2021-09-01T00:00:00.000Z,75,00:42:09,2529000,2,After,00:00:00,0,E2 LTN areas
E2 0,01/10/2021,01/10/2021,T00:00:00.000Z,2021-10-01T00:00:00.000Z,14,00:06:00,360000,1,After,00:00:55,55000,E2 LTN areas
E2 0,01/10/2021,01/10/2021,T00:00:00.000Z,2021-10-01T00:00:00.000Z,79,00:54:00,3240000,2,After,00:35:12,2112000,E2 LTN areas
E2 0,01/11/2021,01/11/2021,T00:00:00.000Z,2021-11-01T00:00:00.000Z,11,00:05:44,344000,1,After,00:00:22,22000,E2 LTN areas
E2 0,01/11/2021,01/11/2021,T00:00:00.000Z,2021-11-01T00:00:00.000Z,75,00:48:48,2928000,2,After,00:28:57,1737000,E2 LTN areas
E2 0,01/12/2021,01/12/2021,T00:00:00.000Z,2021-12-01T00:00:00.000Z,14,00:06:30,390000,1,After-6-month,00:00:22,22000,E2 LTN areas
E2 0,01/12/2021,01/12/2021,T00:00:00.000Z,2021-12-01T00:00:00.000Z,91,00:56:34,3394000,2,After-6-month,00:35:40,2140000,E2 LTN areas
E2 0,01/01/2022,01/01/2022,T00:00:00.000Z,2022-01-01T00:00:00.000Z,13,00:04:36,276000,1,After-6-month,###############################################################################################################################################################################################################################################################,-82000,E2 LTN areas
E2 0,01/01/2022,01/01/2022,T00:00:00.000Z,2022-01-01T00:00:00.000Z,60,00:32:11,1931000,2,After-6-month,00:16:27,987000,E2 LTN areas
E2 0,01/02/2022,01/02/2022,T00:00:00.000Z,2022-02-01T00:00:00.000Z,17,00:04:45,285000,1,After-6-month,###############################################################################################################################################################################################################################################################,-11000,E2 LTN areas
E2 0,01/02/2022,01/02/2022,T00:00:00.000Z,2022-02-01T00:00:00.000Z,55,00:26:21,1581000,2,After-6-month,00:06:50,410000,E2 LTN areas
E2 0,01/03/2022,01/03/2022,T00:00:00.000Z,2022-03-01T00:00:00.000Z,18,00:07:00,420000,1,After-6-month,###############################################################################################################################################################################################################################################################,-24000,E2 LTN areas
E2 0,01/03/2022,01/03/2022,T00:00:00.000Z,2022-03-01T00:00:00.000Z,63,00:54:36,3276000,2,After-6-month,00:20:43,1243000,E2 LTN areas
E2 0,01/04/2022,01/04/2022,T00:00:00.000Z,2022-04-01T00:00:00.000Z,19,00:05:33,333000,1,After-6-month,###############################################################################################################################################################################################################################################################,-57000,E2 LTN areas
E2 0,01/04/2022,01/04/2022,T00:00:00.000Z,2022-04-01T00:00:00.000Z,63,00:35:10,2110000,2,After-6-month,00:14:36,876000,E2 LTN areas
E2 0,01/05/2022,01/05/2022,T00:00:00.000Z,2022-05-01T00:00:00.000Z,17,00:06:38,398000,1,After-6-month,00:02:11,131000,E2 LTN areas
E2 0,01/05/2022,01/05/2022,T00:00:00.000Z,2022-05-01T00:00:00.000Z,61,00:39:26,2366000,2,After-6-month,00:32:18,1938000,E2 LTN areas
E2 0,01/06/2022,01/06/2022,T00:00:00.000Z,2022-06-01T00:00:00.000Z,5,00:09:53,593000,1,After,00:05:19,319000,E2 LTN areas
E2 0,01/06/2022,01/06/2022,T00:00:00.000Z,2022-06-01T00:00:00.000Z,63,00:56:58,3418000,2,After,00:49:56,2996000,E2 LTN areas
E2 6,01/06/2019,01/06/2019,T00:00:00.000Z,2019-06-01T00:00:00.000Z,14,00:06:00,360000,1,Before,00:00:00,0,E2 LTN areas
E2 6,01/06/2019,01/06/2019,T00:00:00.000Z,2019-06-01T00:00:00.000Z,69,00:16:43,1003000,2,Before,00:00:00,0,E2 LTN areas
E2 6,01/07/2019,01/07/2019,T00:00:00.000Z,2019-07-01T00:00:00.000Z,12,00:05:50,350000,1,Before,00:00:00,0,E2 LTN areas
E2 6,01/07/2019,01/07/2019,T00:00:00.000Z,2019-07-01T00:00:00.000Z,85,00:18:01,1081000,2,Before,00:00:00,0,E2 LTN areas
E2 6,01/08/2019,01/08/2019,T00:00:00.000Z,2019-08-01T00:00:00.000Z,15,00:06:10,370000,1,Before,00:00:00,0,E2 LTN areas
E2 6,01/08/2019,01/08/2019,T00:00:00.000Z,2019-08-01T00:00:00.000Z,90,00:14:25,865000,2,Before,00:00:00,0,E2 LTN areas
E2 6,01/09/2019,01/09/2019,T00:00:00.000Z,2019-09-01T00:00:00.000Z,10,00:04:04,244000,1,Before,00:00:00,0,E2 LTN areas
E2 6,01/09/2019,01/09/2019,T00:00:00.000Z,2019-09-01T00:00:00.000Z,86,00:14:38,878000,2,Before,00:00:00,0,E2 LTN areas
E2 6,01/10/2019,01/10/2019,T00:00:00.000Z,2019-10-01T00:00:00.000Z,9,00:05:39,339000,1,Before,00:00:00,0,E2 LTN areas
E2 6,01/10/2019,01/10/2019,T00:00:00.000Z,2019-10-01T00:00:00.000Z,88,00:15:53,953000,2,Before,00:00:00,0,E2 LTN areas
E2 6,01/11/2019,01/11/2019,T00:00:00.000Z,2019-11-01T00:00:00.000Z,15,00:04:34,274000,1,Before,00:00:00,0,E2 LTN areas
E2 6,01/11/2019,01/11/2019,T00:00:00.000Z,2019-11-01T00:00:00.000Z,88,00:16:39,999000,2,Before,00:00:00,0,E2 LTN areas
E2 6,01/12/2019,01/12/2019,T00:00:00.000Z,2019-12-01T00:00:00.000Z,13,00:05:39,339000,1,Before-6-month,00:00:00,0,E2 LTN areas
E2 6,01/12/2019,01/12/2019,T00:00:00.000Z,2019-12-01T00:00:00.000Z,98,00:22:05,1325000,2,Before-6-month,00:00:00,0,E2 LTN areas
E2 6,01/01/2020,01/01/2020,T00:00:00.000Z,2020-01-01T00:00:00.000Z,15,00:05:45,345000,1,Before-6-month,00:00:00,0,E2 LTN areas
E2 6,01/01/2020,01/01/2020,T00:00:00.000Z,2020-01-01T00:00:00.000Z,106,00:14:13,853000,2,Before-6-month,00:00:00,0,E2 LTN areas
E2 6,01/02/2020,01/02/2020,T00:00:00.000Z,2020-02-01T00:00:00.000Z,11,00:05:30,330000,1,Before-6-month,00:00:00,0,E2 LTN areas
E2 6,01/02/2020,01/02/2020,T00:00:00.000Z,2020-02-01T00:00:00.000Z,86,00:21:48,1308000,2,Before-6-month,00:00:00,0,E2 LTN areas
E2 6,01/03/2020,01/03/2020,T00:00:00.000Z,2020-03-01T00:00:00.000Z,15,00:08:18,498000,1,Before-6-month,00:00:00,0,E2 LTN areas
E2 6,01/03/2020,01/03/2020,T00:00:00.000Z,2020-03-01T00:00:00.000Z,83,00:39:47,2387000,2,Before-6-month,00:00:00,0,E2 LTN areas
E2 6,01/04/2020,01/04/2020,T00:00:00.000Z,2020-04-01T00:00:00.000Z,23,00:04:44,284000,1,Before-6-month,00:00:00,0,E2 LTN areas
E2 6,01/04/2020,01/04/2020,T00:00:00.000Z,2020-04-01T00:00:00.000Z,63,00:18:43,1123000,2,Before-6-month,00:00:00,0,E2 LTN areas
E2 6,01/05/2020,01/05/2020,T00:00:00.000Z,2020-05-01T00:00:00.000Z,9,00:05:39,339000,1,Before-6-month,00:00:00,0,E2 LTN areas
E2 6,01/05/2020,01/05/2020,T00:00:00.000Z,2020-05-01T00:00:00.000Z,59,00:06:38,398000,2,Before-6-month,00:00:00,0,E2 LTN areas
E2 6,01/06/2020,01/06/2020,T00:00:00.000Z,2020-06-01T00:00:00.000Z,11,00:04:18,258000,1,Before,00:00:00,0,E2 LTN areas
E2 6,01/06/2020,01/06/2020,T00:00:00.000Z,2020-06-01T00:00:00.000Z,64,00:07:15,435000,2,Before,00:00:00,0,E2 LTN areas
E2 6,01/07/2020,01/07/2020,T00:00:00.000Z,2020-07-01T00:00:00.000Z,14,00:04:18,258000,1,After,00:00:00,0,E2 LTN areas
E2 6,01/07/2020,01/07/2020,T00:00:00.000Z,2020-07-01T00:00:00.000Z,73,00:08:55,535000,2,After,00:00:00,0,E2 LTN areas
E2 6,01/08/2020,01/08/2020,T00:00:00.000Z,2020-08-01T00:00:00.000Z,7,00:05:19,319000,1,After,00:00:00,0,E2 LTN areas
E2 6,01/08/2020,01/08/2020,T00:00:00.000Z,2020-08-01T00:00:00.000Z,80,00:12:47,767000,2,After,00:00:00,0,E2 LTN areas
E2 6,01/09/2020,01/09/2020,T00:00:00.000Z,2020-09-01T00:00:00.000Z,10,00:05:18,318000,1,After,00:00:00,0,E2 LTN areas
E2 6,01/09/2020,01/09/2020,T00:00:00.000Z,2020-09-01T00:00:00.000Z,97,00:14:10,850000,2,After,00:00:00,0,E2 LTN areas
E2 6,01/10/2020,01/10/2020,T00:00:00.000Z,2020-10-01T00:00:00.000Z,12,00:04:16,256000,1,After,00:00:00,0,E2 LTN areas
E2 6,01/10/2020,01/10/2020,T00:00:00.000Z,2020-10-01T00:00:00.000Z,77,00:13:31,811000,2,After,00:00:00,0,E2 LTN areas
E2 6,01/11/2020,01/11/2020,T00:00:00.000Z,2020-11-01T00:00:00.000Z,14,00:04:48,288000,1,After,00:00:00,0,E2 LTN areas
E2 6,01/11/2020,01/11/2020,T00:00:00.000Z,2020-11-01T00:00:00.000Z,74,00:13:40,820000,2,After,00:00:00,0,E2 LTN areas
E2 6,01/12/2020,01/12/2020,T00:00:00.000Z,2020-12-01T00:00:00.000Z,12,00:05:17,317000,1,After,00:00:00,0,E2 LTN areas
E2 6,01/12/2020,01/12/2020,T00:00:00.000Z,2020-12-01T00:00:00.000Z,96,00:59:59,3599000,2,After,00:00:00,0,E2 LTN areas
E2 6,01/01/2021,01/01/2021,T00:00:00.000Z,2021-01-01T00:00:00.000Z,13,00:04:45,285000,1,After,00:00:00,0,E2 LTN areas
E2 6,01/01/2021,01/01/2021,T00:00:00.000Z,2021-01-01T00:00:00.000Z,96,00:39:22,2362000,2,After,00:00:00,0,E2 LTN areas
E2 6,01/02/2021,01/02/2021,T00:00:00.000Z,2021-02-01T00:00:00.000Z,5,00:04:33,273000,1,After,00:00:00,0,E2 LTN areas
E2 6,01/02/2021,01/02/2021,T00:00:00.000Z,2021-02-01T00:00:00.000Z,76,00:11:36,696000,2,After,00:00:00,0,E2 LTN areas
E2 6,01/03/2021,01/03/2021,T00:00:00.000Z,2021-03-01T00:00:00.000Z,8,00:04:28,268000,1,After,00:00:00,0,E2 LTN areas
E2 6,01/03/2021,01/03/2021,T00:00:00.000Z,2021-03-01T00:00:00.000Z,74,00:09:31,571000,2,After,00:00:00,0,E2 LTN areas
E2 6,01/04/2021,01/04/2021,T00:00:00.000Z,2021-04-01T00:00:00.000Z,11,00:05:39,339000,1,After,00:00:00,0,E2 LTN areas
E2 6,01/04/2021,01/04/2021,T00:00:00.000Z,2021-04-01T00:00:00.000Z,84,00:17:36,1056000,2,After,00:00:00,0,E2 LTN areas
E2 6,01/05/2021,01/05/2021,T00:00:00.000Z,2021-05-01T00:00:00.000Z,10,00:04:39,279000,1,After,00:00:00,0,E2 LTN areas
E2 6,01/05/2021,01/05/2021,T00:00:00.000Z,2021-05-01T00:00:00.000Z,98,00:17:16,1036000,2,After,00:00:00,0,E2 LTN areas
E2 6,01/06/2021,01/06/2021,T00:00:00.000Z,2021-06-01T00:00:00.000Z,18,00:05:54,354000,1,After,00:00:00,0,E2 LTN areas
E2 6,01/06/2021,01/06/2021,T00:00:00.000Z,2021-06-01T00:00:00.000Z,91,00:33:05,1985000,2,After,00:00:00,0,E2 LTN areas
E2 6,01/07/2021,01/07/2021,T00:00:00.000Z,2021-07-01T00:00:00.000Z,13,00:06:27,387000,1,After,00:00:00,0,E2 LTN areas
E2 6,01/07/2021,01/07/2021,T00:00:00.000Z,2021-07-01T00:00:00.000Z,93,00:41:34,2494000,2,After,00:00:00,0,E2 LTN areas
E2 6,01/08/2021,01/08/2021,T00:00:00.000Z,2021-08-01T00:00:00.000Z,11,00:05:05,305000,1,After,00:00:00,0,E2 LTN areas
E2 6,01/08/2021,01/08/2021,T00:00:00.000Z,2021-08-01T00:00:00.000Z,96,00:44:47,2687000,2,After,00:00:00,0,E2 LTN areas
E2 6,01/09/2021,01/09/2021,T00:00:00.000Z,2021-09-01T00:00:00.000Z,12,00:06:24,384000,1,After,00:00:00,0,E2 LTN areas
E2 6,01/09/2021,01/09/2021,T00:00:00.000Z,2021-09-01T00:00:00.000Z,73,00:40:56,2456000,2,After,00:00:00,0,E2 LTN areas
E2 6,01/10/2021,01/10/2021,T00:00:00.000Z,2021-10-01T00:00:00.000Z,18,00:07:23,443000,1,After,00:01:44,104000,E2 LTN areas
E2 6,01/10/2021,01/10/2021,T00:00:00.000Z,2021-10-01T00:00:00.000Z,62,00:48:15,2895000,2,After,00:32:22,1942000,E2 LTN areas
E2 6,01/11/2021,01/11/2021,T00:00:00.000Z,2021-11-01T00:00:00.000Z,20,00:05:24,324000,1,After,00:00:50,50000,E2 LTN areas
E2 6,01/11/2021,01/11/2021,T00:00:00.000Z,2021-11-01T00:00:00.000Z,82,00:45:59,2759000,2,After,00:29:20,1760000,E2 LTN areas
E2 6,01/12/2021,01/12/2021,T00:00:00.000Z,2021-12-01T00:00:00.000Z,11,00:07:25,445000,1,After-6-month,00:01:46,106000,E2 LTN areas
E2 6,01/12/2021,01/12/2021,T00:00:00.000Z,2021-12-01T00:00:00.000Z,69,00:58:00,3480000,2,After-6-month,00:35:55,2155000,E2 LTN areas
E2 6,01/01/2022,01/01/2022,T00:00:00.000Z,2022-01-01T00:00:00.000Z,18,00:05:20,320000,1,After-6-month,###############################################################################################################################################################################################################################################################,-25000,E2 LTN areas
E2 6,01/01/2022,01/01/2022,T00:00:00.000Z,2022-01-01T00:00:00.000Z,78,00:29:59,1799000,2,After-6-month,00:15:46,946000,E2 LTN areas
E2 6,01/02/2022,01/02/2022,T00:00:00.000Z,2022-02-01T00:00:00.000Z,17,00:05:29,329000,1,After-6-month,###############################################################################################################################################################################################################################################################,-1000,E2 LTN areas
E2 6,01/02/2022,01/02/2022,T00:00:00.000Z,2022-02-01T00:00:00.000Z,53,00:34:08,2048000,2,After-6-month,00:12:20,740000,E2 LTN areas
E2 6,01/03/2022,01/03/2022,T00:00:00.000Z,2022-03-01T00:00:00.000Z,11,00:06:18,378000,1,After-6-month,###############################################################################################################################################################################################################################################################,-120000,E2 LTN areas
E2 6,01/03/2022,01/03/2022,T00:00:00.000Z,2022-03-01T00:00:00.000Z,66,00:47:14,2834000,2,After-6-month,00:07:27,447000,E2 LTN areas
E2 6,01/04/2022,01/04/2022,T00:00:00.000Z,2022-04-01T00:00:00.000Z,13,00:05:36,336000,1,After-6-month,00:00:52,52000,E2 LTN areas
E2 6,01/04/2022,01/04/2022,T00:00:00.000Z,2022-04-01T00:00:00.000Z,63,00:32:31,1951000,2,After-6-month,00:13:48,828000,E2 LTN areas
E2 6,01/05/2022,01/05/2022,T00:00:00.000Z,2022-05-01T00:00:00.000Z,13,00:04:36,276000,1,After-6-month,###############################################################################################################################################################################################################################################################,-63000,E2 LTN areas
E2 6,01/05/2022,01/05/2022,T00:00:00.000Z,2022-05-01T00:00:00.000Z,74,00:39:58,2398000,2,After-6-month,00:33:20,2000000,E2 LTN areas
E2 6,01/06/2022,01/06/2022,T00:00:00.000Z,2022-06-01T00:00:00.000Z,18,00:06:34,394000,1,After,00:02:16,136000,E2 LTN areas
E2 6,01/06/2022,01/06/2022,T00:00:00.000Z,2022-06-01T00:00:00.000Z,56,00:50:13,3013000,2,After,00:42:58,2578000,E2 LTN areas
E2 7,01/06/2019,01/06/2019,T00:00:00.000Z,2019-06-01T00:00:00.000Z,12,00:06:07,367000,1,Before,00:00:00,0,E2 LTN areas
E2 7,01/06/2019,01/06/2019,T00:00:00.000Z,2019-06-01T00:00:00.000Z,46,00:17:06,1026000,2,Before,00:00:00,0,E2 LTN areas
E2 7,01/07/2019,01/07/2019,T00:00:00.000Z,2019-07-01T00:00:00.000Z,15,00:04:57,297000,1,Before,00:00:00,0,E2 LTN areas
E2 7,01/07/2019,01/07/2019,T00:00:00.000Z,2019-07-01T00:00:00.000Z,56,00:16:03,963000,2,Before,00:00:00,0,E2 LTN areas
E2 7,01/08/2019,01/08/2019,T00:00:00.000Z,2019-08-01T00:00:00.000Z,12,00:04:40,280000,1,Before,00:00:00,0,E2 LTN areas
E2 7,01/08/2019,01/08/2019,T00:00:00.000Z,2019-08-01T00:00:00.000Z,59,00:14:49,889000,2,Before,00:00:00,0,E2 LTN areas
E2 7,01/09/2019,01/09/2019,T00:00:00.000Z,2019-09-01T00:00:00.000Z,7,00:04:26,266000,1,Before,00:00:00,0,E2 LTN areas
E2 7,01/09/2019,01/09/2019,T00:00:00.000Z,2019-09-01T00:00:00.000Z,67,00:13:33,813000,2,Before,00:00:00,0,E2 LTN areas
E2 7,01/10/2019,01/10/2019,T00:00:00.000Z,2019-10-01T00:00:00.000Z,10,00:07:09,429000,1,Before,00:00:00,0,E2 LTN areas
E2 7,01/10/2019,01/10/2019,T00:00:00.000Z,2019-10-01T00:00:00.000Z,53,00:16:05,965000,2,Before,00:00:00,0,E2 LTN areas
E2 7,01/11/2019,01/11/2019,T00:00:00.000Z,2019-11-01T00:00:00.000Z,11,00:05:00,300000,1,Before,00:00:00,0,E2 LTN areas
E2 7,01/11/2019,01/11/2019,T00:00:00.000Z,2019-11-01T00:00:00.000Z,61,00:17:05,1025000,2,Before,00:00:00,0,E2 LTN areas
E2 7,01/12/2019,01/12/2019,T00:00:00.000Z,2019-12-01T00:00:00.000Z,12,00:06:57,417000,1,Before-6-month,00:00:00,0,E2 LTN areas
E2 7,01/12/2019,01/12/2019,T00:00:00.000Z,2019-12-01T00:00:00.000Z,70,00:20:49,1249000,2,Before-6-month,00:00:00,0,E2 LTN areas
E2 7,01/01/2020,01/01/2020,T00:00:00.000Z,2020-01-01T00:00:00.000Z,9,00:05:08,308000,1,Before-6-month,00:00:00,0,E2 LTN areas
E2 7,01/01/2020,01/01/2020,T00:00:00.000Z,2020-01-01T00:00:00.000Z,82,00:17:08,1028000,2,Before-6-month,00:00:00,0,E2 LTN areas
E2 7,01/02/2020,01/02/2020,T00:00:00.000Z,2020-02-01T00:00:00.000Z,5,00:05:20,320000,1,Before-6-month,00:00:00,0,E2 LTN areas
E2 7,01/02/2020,01/02/2020,T00:00:00.000Z,2020-02-01T00:00:00.000Z,63,00:18:06,1086000,2,Before-6-month,00:00:00,0,E2 LTN areas
E2 7,01/03/2020,01/03/2020,T00:00:00.000Z,2020-03-01T00:00:00.000Z,7,00:14:00,840000,1,Before-6-month,00:00:00,0,E2 LTN areas
E2 7,01/03/2020,01/03/2020,T00:00:00.000Z,2020-03-01T00:00:00.000Z,71,00:43:45,2625000,2,Before-6-month,00:00:00,0,E2 LTN areas
E2 7,01/04/2020,01/04/2020,T00:00:00.000Z,2020-04-01T00:00:00.000Z,5,00:08:36,516000,1,Before-6-month,00:00:00,0,E2 LTN areas
E2 7,01/04/2020,01/04/2020,T00:00:00.000Z,2020-04-01T00:00:00.000Z,56,00:17:40,1060000,2,Before-6-month,00:00:00,0,E2 LTN areas
E2 7,01/05/2020,01/05/2020,T00:00:00.000Z,2020-05-01T00:00:00.000Z,6,00:03:23,203000,1,Before-6-month,00:00:00,0,E2 LTN areas
E2 7,01/05/2020,01/05/2020,T00:00:00.000Z,2020-05-01T00:00:00.000Z,48,00:05:31,331000,2,Before-6-month,00:00:00,0,E2 LTN areas
E2 7,01/06/2020,01/06/2020,T00:00:00.000Z,2020-06-01T00:00:00.000Z,5,00:07:07,427000,1,Before,00:00:00,0,E2 LTN areas
E2 7,01/06/2020,01/06/2020,T00:00:00.000Z,2020-06-01T00:00:00.000Z,48,00:08:28,508000,2,Before,00:00:00,0,E2 LTN areas
E2 7,01/07/2020,01/07/2020,T00:00:00.000Z,2020-07-01T00:00:00.000Z,5,00:04:19,259000,1,After,00:00:00,0,E2 LTN areas
E2 7,01/07/2020,01/07/2020,T00:00:00.000Z,2020-07-01T00:00:00.000Z,54,00:07:13,433000,2,After,00:00:00,0,E2 LTN areas
E2 7,01/08/2020,01/08/2020,T00:00:00.000Z,2020-08-01T00:00:00.000Z,10,00:05:43,343000,1,After,00:00:00,0,E2 LTN areas
E2 7,01/08/2020,01/08/2020,T00:00:00.000Z,2020-08-01T00:00:00.000Z,63,00:10:57,657000,2,After,00:00:00,0,E2 LTN areas
E2 7,01/09/2020,01/09/2020,T00:00:00.000Z,2020-09-01T00:00:00.000Z,9,00:01:59,119000,1,After,00:00:00,0,E2 LTN areas
E2 7,01/09/2020,01/09/2020,T00:00:00.000Z,2020-09-01T00:00:00.000Z,58,00:10:32,632000,2,After,00:00:00,0,E2 LTN areas
E2 7,01/10/2020,01/10/2020,T00:00:00.000Z,2020-10-01T00:00:00.000Z,7,00:04:11,251000,1,After,00:00:00,0,E2 LTN areas
E2 7,01/10/2020,01/10/2020,T00:00:00.000Z,2020-10-01T00:00:00.000Z,58,00:14:07,847000,2,After,00:00:00,0,E2 LTN areas
E2 7,01/11/2020,01/11/2020,T00:00:00.000Z,2020-11-01T00:00:00.000Z,5,00:03:26,206000,1,After,00:00:00,0,E2 LTN areas
E2 7,01/11/2020,01/11/2020,T00:00:00.000Z,2020-11-01T00:00:00.000Z,58,00:12:30,750000,2,After,00:00:00,0,E2 LTN areas
E2 7,01/12/2020,01/12/2020,T00:00:00.000Z,2020-12-01T00:00:00.000Z,6,00:04:29,269000,1,After,00:00:00,0,E2 LTN areas
E2 7,01/12/2020,01/12/2020,T00:00:00.000Z,2020-12-01T00:00:00.000Z,66,00:33:18,1998000,2,After,00:00:00,0,E2 LTN areas
E2 7,01/01/2021,01/01/2021,T00:00:00.000Z,2021-01-01T00:00:00.000Z,8,00:05:26,326000,1,After,00:00:00,0,E2 LTN areas
E2 7,01/01/2021,01/01/2021,T00:00:00.000Z,2021-01-01T00:00:00.000Z,83,00:40:05,2405000,2,After,00:00:00,0,E2 LTN areas
E2 7,01/02/2021,01/02/2021,T00:00:00.000Z,2021-02-01T00:00:00.000Z,5,00:04:52,292000,1,After,00:00:00,0,E2 LTN areas
E2 7,01/02/2021,01/02/2021,T00:00:00.000Z,2021-02-01T00:00:00.000Z,32,00:10:11,611000,2,After,00:00:00,0,E2 LTN areas
E2 7,01/03/2021,01/03/2021,T00:00:00.000Z,2021-03-01T00:00:00.000Z,5,00:05:01,301000,1,After,00:00:00,0,E2 LTN areas
E2 7,01/03/2021,01/03/2021,T00:00:00.000Z,2021-03-01T00:00:00.000Z,37,00:10:48,648000,2,After,00:00:00,0,E2 LTN areas
E2 7,01/04/2021,01/04/2021,T00:00:00.000Z,2021-04-01T00:00:00.000Z,5,00:02:46,166000,1,After,00:00:00,0,E2 LTN areas
E2 7,01/04/2021,01/04/2021,T00:00:00.000Z,2021-04-01T00:00:00.000Z,76,00:15:51,951000,2,After,00:00:00,0,E2 LTN areas
E2 7,01/05/2021,01/05/2021,T00:00:00.000Z,2021-05-01T00:00:00.000Z,10,00:05:40,340000,1,After,00:00:00,0,E2 LTN areas
E2 7,01/05/2021,01/05/2021,T00:00:00.000Z,2021-05-01T00:00:00.000Z,82,00:21:00,1260000,2,After,00:00:00,0,E2 LTN areas
E2 7,01/06/2021,01/06/2021,T00:00:00.000Z,2021-06-01T00:00:00.000Z,12,00:04:49,289000,1,After,00:00:00,0,E2 LTN areas
E2 7,01/06/2021,01/06/2021,T00:00:00.000Z,2021-06-01T00:00:00.000Z,64,00:22:50,1370000,2,After,00:00:00,0,E2 LTN areas
E2 7,01/07/2021,01/07/2021,T00:00:00.000Z,2021-07-01T00:00:00.000Z,16,00:06:31,391000,1,After,00:00:00,0,E2 LTN areas
E2 7,01/07/2021,01/07/2021,T00:00:00.000Z,2021-07-01T00:00:00.000Z,63,00:37:44,2264000,2,After,00:00:00,0,E2 LTN areas
E2 7,01/08/2021,01/08/2021,T00:00:00.000Z,2021-08-01T00:00:00.000Z,11,00:06:59,419000,1,After,00:00:00,0,E2 LTN areas
E2 7,01/08/2021,01/08/2021,T00:00:00.000Z,2021-08-01T00:00:00.000Z,70,00:34:06,2046000,2,After,00:00:00,0,E2 LTN areas
E2 7,01/09/2021,01/09/2021,T00:00:00.000Z,2021-09-01T00:00:00.000Z,8,00:07:30,450000,1,After,00:00:00,0,E2 LTN areas
E2 7,01/09/2021,01/09/2021,T00:00:00.000Z,2021-09-01T00:00:00.000Z,69,00:47:46,2866000,2,After,00:00:00,0,E2 LTN areas
E2 7,01/10/2021,01/10/2021,T00:00:00.000Z,2021-10-01T00:00:00.000Z,17,00:06:56,416000,1,After,###############################################################################################################################################################################################################################################################,-13000,E2 LTN areas
E2 7,01/10/2021,01/10/2021,T00:00:00.000Z,2021-10-01T00:00:00.000Z,85,00:46:44,2804000,2,After,00:30:39,1839000,E2 LTN areas
E2 7,01/11/2021,01/11/2021,T00:00:00.000Z,2021-11-01T00:00:00.000Z,6,00:05:35,335000,1,After,00:00:35,35000,E2 LTN areas
E2 7,01/11/2021,01/11/2021,T00:00:00.000Z,2021-11-01T00:00:00.000Z,65,00:34:42,2082000,2,After,00:17:37,1057000,E2 LTN areas
E2 7,01/12/2021,01/12/2021,T00:00:00.000Z,2021-12-01T00:00:00.000Z,14,00:05:20,320000,1,After-6-month,###############################################################################################################################################################################################################################################################,-97000,E2 LTN areas
E2 7,01/12/2021,01/12/2021,T00:00:00.000Z,2021-12-01T00:00:00.000Z,67,00:53:33,3213000,2,After-6-month,00:32:44,1964000,E2 LTN areas
E2 7,01/01/2022,01/01/2022,T00:00:00.000Z,2022-01-01T00:00:00.000Z,12,00:06:27,387000,1,After-6-month,00:01:19,79000,E2 LTN areas
E2 7,01/01/2022,01/01/2022,T00:00:00.000Z,2022-01-01T00:00:00.000Z,52,00:27:23,1643000,2,After-6-month,00:10:15,615000,E2 LTN areas
E2 7,01/02/2022,01/02/2022,T00:00:00.000Z,2022-02-01T00:00:00.000Z,7,00:05:23,323000,1,After-6-month,00:00:03,3000,E2 LTN areas
E2 7,01/02/2022,01/02/2022,T00:00:00.000Z,2022-02-01T00:00:00.000Z,64,00:32:49,1969000,2,After-6-month,00:14:43,883000,E2 LTN areas
E2 7,01/03/2022,01/03/2022,T00:00:00.000Z,2022-03-01T00:00:00.000Z,8,00:06:58,418000,1,After-6-month,###############################################################################################################################################################################################################################################################,-422000,E2 LTN areas
E2 7,01/03/2022,01/03/2022,T00:00:00.000Z,2022-03-01T00:00:00.000Z,63,00:47:42,2862000,2,After-6-month,00:03:57,237000,E2 LTN areas
E2 7,01/04/2022,01/04/2022,T00:00:00.000Z,2022-04-01T00:00:00.000Z,6,00:05:08,308000,1,After-6-month,###############################################################################################################################################################################################################################################################,-208000,E2 LTN areas
E2 7,01/04/2022,01/04/2022,T00:00:00.000Z,2022-04-01T00:00:00.000Z,47,00:33:48,2028000,2,After-6-month,00:16:08,968000,E2 LTN areas
E2 7,01/05/2022,01/05/2022,T00:00:00.000Z,2022-05-01T00:00:00.000Z,11,00:04:56,296000,1,After-6-month,00:01:33,93000,E2 LTN areas
E2 7,01/05/2022,01/05/2022,T00:00:00.000Z,2022-05-01T00:00:00.000Z,52,00:38:26,2306000,2,After-6-month,00:32:55,1975000,E2 LTN areas
E2 7,01/06/2022,01/06/2022,T00:00:00.000Z,2022-06-01T00:00:00.000Z,9,00:19:09,1149000,1,After,00:12:02,722000,E2 LTN areas
E2 7,01/06/2022,01/06/2022,T00:00:00.000Z,2022-06-01T00:00:00.000Z,42,00:59:02,3542000,2,After,00:50:34,3034000,E2 LTN areas
E2 8,01/06/2019,01/06/2019,T00:00:00.000Z,2019-06-01T00:00:00.000Z,7,00:05:01,301000,1,Before,00:00:00,0,E2 LTN areas
E2 8,01/06/2019,01/06/2019,T00:00:00.000Z,2019-06-01T00:00:00.000Z,37,00:17:35,1055000,2,Before,00:00:00,0,E2 LTN areas
E2 8,01/07/2019,01/07/2019,T00:00:00.000Z,2019-07-01T00:00:00.000Z,12,00:04:18,258000,1,Before,00:00:00,0,E2 LTN areas
E2 8,01/07/2019,01/07/2019,T00:00:00.000Z,2019-07-01T00:00:00.000Z,45,00:19:46,1186000,2,Before,00:00:00,0,E2 LTN areas
E2 8,01/08/2019,01/08/2019,T00:00:00.000Z,2019-08-01T00:00:00.000Z,17,00:05:18,318000,1,Before,00:00:00,0,E2 LTN areas
E2 8,01/08/2019,01/08/2019,T00:00:00.000Z,2019-08-01T00:00:00.000Z,45,00:14:10,850000,2,Before,00:00:00,0,E2 LTN areas
E2 8,01/09/2019,01/09/2019,T00:00:00.000Z,2019-09-01T00:00:00.000Z,13,00:04:24,264000,1,Before,00:00:00,0,E2 LTN areas
E2 8,01/09/2019,01/09/2019,T00:00:00.000Z,2019-09-01T00:00:00.000Z,42,00:14:24,864000,2,Before,00:00:00,0,E2 LTN areas
E2 8,01/10/2019,01/10/2019,T00:00:00.000Z,2019-10-01T00:00:00.000Z,7,00:04:49,289000,1,Before,00:00:00,0,E2 LTN areas
E2 8,01/10/2019,01/10/2019,T00:00:00.000Z,2019-10-01T00:00:00.000Z,46,00:13:31,811000,2,Before,00:00:00,0,E2 LTN areas
E2 8,01/11/2019,01/11/2019,T00:00:00.000Z,2019-11-01T00:00:00.000Z,6,00:05:13,313000,1,Before,00:00:00,0,E2 LTN areas
E2 8,01/11/2019,01/11/2019,T00:00:00.000Z,2019-11-01T00:00:00.000Z,56,00:18:09,1089000,2,Before,00:00:00,0,E2 LTN areas
E2 8,01/12/2019,01/12/2019,T00:00:00.000Z,2019-12-01T00:00:00.000Z,9,00:09:05,545000,1,Before-6-month,00:00:00,0,E2 LTN areas
E2 8,01/12/2019,01/12/2019,T00:00:00.000Z,2019-12-01T00:00:00.000Z,41,00:25:57,1557000,2,Before-6-month,00:00:00,0,E2 LTN areas
E2 8,01/01/2020,01/01/2020,T00:00:00.000Z,2020-01-01T00:00:00.000Z,7,00:05:12,312000,1,Before-6-month,00:00:00,0,E2 LTN areas
E2 8,01/01/2020,01/01/2020,T00:00:00.000Z,2020-01-01T00:00:00.000Z,49,00:13:30,810000,2,Before-6-month,00:00:00,0,E2 LTN areas
E2 8,01/02/2020,01/02/2020,T00:00:00.000Z,2020-02-01T00:00:00.000Z,10,00:05:01,301000,1,Before-6-month,00:00:00,0,E2 LTN areas
E2 8,01/02/2020,01/02/2020,T00:00:00.000Z,2020-02-01T00:00:00.000Z,50,00:20:20,1220000,2,Before-6-month,00:00:00,0,E2 LTN areas
E2 8,01/03/2020,01/03/2020,T00:00:00.000Z,2020-03-01T00:00:00.000Z,12,00:09:24,564000,1,Before-6-month,00:00:00,0,E2 LTN areas
E2 8,01/03/2020,01/03/2020,T00:00:00.000Z,2020-03-01T00:00:00.000Z,52,00:42:05,2525000,2,Before-6-month,00:00:00,0,E2 LTN areas
E2 8,01/04/2020,01/04/2020,T00:00:00.000Z,2020-04-01T00:00:00.000Z,5,00:08:52,532000,1,Before-6-month,00:00:00,0,E2 LTN areas
E2 8,01/04/2020,01/04/2020,T00:00:00.000Z,2020-04-01T00:00:00.000Z,44,00:14:13,853000,2,Before-6-month,00:00:00,0,E2 LTN areas
E2 8,01/05/2020,01/05/2020,T00:00:00.000Z,2020-05-01T00:00:00.000Z,11,00:05:53,353000,1,Before-6-month,00:00:00,0,E2 LTN areas
E2 8,01/05/2020,01/05/2020,T00:00:00.000Z,2020-05-01T00:00:00.000Z,45,00:07:16,436000,2,Before-6-month,00:00:00,0,E2 LTN areas
E2 8,01/06/2020,01/06/2020,T00:00:00.000Z,2020-06-01T00:00:00.000Z,5,00:04:25,265000,1,Before,00:00:00,0,E2 LTN areas
E2 8,01/06/2020,01/06/2020,T00:00:00.000Z,2020-06-01T00:00:00.000Z,51,00:08:28,508000,2,Before,00:00:00,0,E2 LTN areas
E2 8,01/07/2020,01/07/2020,T00:00:00.000Z,2020-07-01T00:00:00.000Z,5,00:05:46,346000,1,After,00:00:00,0,E2 LTN areas
E2 8,01/07/2020,01/07/2020,T00:00:00.000Z,2020-07-01T00:00:00.000Z,46,00:08:28,508000,2,After,00:00:00,0,E2 LTN areas
E2 8,01/08/2020,01/08/2020,T00:00:00.000Z,2020-08-01T00:00:00.000Z,5,00:05:49,349000,1,After,00:00:00,0,E2 LTN areas
E2 8,01/08/2020,01/08/2020,T00:00:00.000Z,2020-08-01T00:00:00.000Z,47,00:12:19,739000,2,After,00:00:00,0,E2 LTN areas
E2 8,01/09/2020,01/09/2020,T00:00:00.000Z,2020-09-01T00:00:00.000Z,9,00:08:11,491000,1,After,00:00:00,0,E2 LTN areas
E2 8,01/09/2020,01/09/2020,T00:00:00.000Z,2020-09-01T00:00:00.000Z,54,00:15:41,941000,2,After,00:00:00,0,E2 LTN areas
E2 8,01/10/2020,01/10/2020,T00:00:00.000Z,2020-10-01T00:00:00.000Z,7,00:04:36,276000,1,After,00:00:00,0,E2 LTN areas
E2 8,01/10/2020,01/10/2020,T00:00:00.000Z,2020-10-01T00:00:00.000Z,54,00:11:48,708000,2,After,00:00:00,0,E2 LTN areas
E2 8,01/11/2020,01/11/2020,T00:00:00.000Z,2020-11-01T00:00:00.000Z,5,00:05:29,329000,1,After,00:00:00,0,E2 LTN areas
E2 8,01/11/2020,01/11/2020,T00:00:00.000Z,2020-11-01T00:00:00.000Z,38,00:15:02,902000,2,After,00:00:00,0,E2 LTN areas
E2 8,01/12/2020,01/12/2020,T00:00:00.000Z,2020-12-01T00:00:00.000Z,13,00:05:54,354000,1,After,00:00:00,0,E2 LTN areas
E2 8,01/12/2020,01/12/2020,T00:00:00.000Z,2020-12-01T00:00:00.000Z,63,00:44:07,2647000,2,After,00:00:00,0,E2 LTN areas
E2 8,01/01/2021,01/01/2021,T00:00:00.000Z,2021-01-01T00:00:00.000Z,6,00:04:26,266000,1,After,00:00:00,0,E2 LTN areas
E2 8,01/01/2021,01/01/2021,T00:00:00.000Z,2021-01-01T00:00:00.000Z,55,00:42:28,2548000,2,After,00:00:00,0,E2 LTN areas
E2 8,01/02/2021,01/02/2021,T00:00:00.000Z,2021-02-01T00:00:00.000Z,6,00:04:32,272000,1,After,00:00:00,0,E2 LTN areas
E2 8,01/02/2021,01/02/2021,T00:00:00.000Z,2021-02-01T00:00:00.000Z,26,00:08:11,491000,2,After,00:00:00,0,E2 LTN areas
E2 8,01/03/2021,01/03/2021,T00:00:00.000Z,2021-03-01T00:00:00.000Z,8,00:03:18,198000,1,After,00:00:00,0,E2 LTN areas
E2 8,01/03/2021,01/03/2021,T00:00:00.000Z,2021-03-01T00:00:00.000Z,40,00:10:10,610000,2,After,00:00:00,0,E2 LTN areas
E2 8,01/04/2021,01/04/2021,T00:00:00.000Z,2021-04-01T00:00:00.000Z,8,00:05:51,351000,1,After,00:00:00,0,E2 LTN areas
E2 8,01/04/2021,01/04/2021,T00:00:00.000Z,2021-04-01T00:00:00.000Z,43,00:17:10,1030000,2,After,00:00:00,0,E2 LTN areas
E2 8,01/05/2021,01/05/2021,T00:00:00.000Z,2021-05-01T00:00:00.000Z,11,00:03:43,223000,1,After,00:00:00,0,E2 LTN areas
E2 8,01/05/2021,01/05/2021,T00:00:00.000Z,2021-05-01T00:00:00.000Z,53,00:21:12,1272000,2,After,00:00:00,0,E2 LTN areas
E2 8,01/06/2021,01/06/2021,T00:00:00.000Z,2021-06-01T00:00:00.000Z,14,00:06:12,372000,1,After,00:00:00,0,E2 LTN areas
E2 8,01/06/2021,01/06/2021,T00:00:00.000Z,2021-06-01T00:00:00.000Z,51,00:29:42,1782000,2,After,00:00:00,0,E2 LTN areas
E2 8,01/07/2021,01/07/2021,T00:00:00.000Z,2021-07-01T00:00:00.000Z,13,00:06:03,363000,1,After,00:00:00,0,E2 LTN areas
E2 8,01/07/2021,01/07/2021,T00:00:00.000Z,2021-07-01T00:00:00.000Z,71,00:43:19,2599000,2,After,00:00:00,0,E2 LTN areas
E2 8,01/08/2021,01/08/2021,T00:00:00.000Z,2021-08-01T00:00:00.000Z,5,00:08:08,488000,1,After,00:00:00,0,E2 LTN areas
E2 8,01/08/2021,01/08/2021,T00:00:00.000Z,2021-08-01T00:00:00.000Z,47,00:37:08,2228000,2,After,00:00:00,0,E2 LTN areas
E2 8,01/09/2021,01/09/2021,T00:00:00.000Z,2021-09-01T00:00:00.000Z,5,00:03:57,237000,1,After,00:00:00,0,E2 LTN areas
E2 8,01/09/2021,01/09/2021,T00:00:00.000Z,2021-09-01T00:00:00.000Z,46,00:47:17,2837000,2,After,00:00:00,0,E2 LTN areas
E2 8,01/10/2021,01/10/2021,T00:00:00.000Z,2021-10-01T00:00:00.000Z,9,00:08:24,504000,1,After,00:03:35,215000,E2 LTN areas
E2 8,01/10/2021,01/10/2021,T00:00:00.000Z,2021-10-01T00:00:00.000Z,59,00:53:00,3180000,2,After,00:39:29,2369000,E2 LTN areas
E2 8,01/11/2021,01/11/2021,T00:00:00.000Z,2021-11-01T00:00:00.000Z,16,00:04:56,296000,1,After,###############################################################################################################################################################################################################################################################,-17000,E2 LTN areas
E2 8,01/11/2021,01/11/2021,T00:00:00.000Z,2021-11-01T00:00:00.000Z,51,00:45:25,2725000,2,After,00:27:16,1636000,E2 LTN areas
E2 8,01/12/2021,01/12/2021,T00:00:00.000Z,2021-12-01T00:00:00.000Z,8,00:05:37,337000,1,After-6-month,###############################################################################################################################################################################################################################################################,-208000,E2 LTN areas
E2 8,01/12/2021,01/12/2021,T00:00:00.000Z,2021-12-01T00:00:00.000Z,51,00:46:40,2800000,2,After-6-month,00:20:43,1243000,E2 LTN areas
E2 8,01/01/2022,01/01/2022,T00:00:00.000Z,2022-01-01T00:00:00.000Z,14,00:06:02,362000,1,After-6-month,00:00:50,50000,E2 LTN areas
E2 8,01/01/2022,01/01/2022,T00:00:00.000Z,2022-01-01T00:00:00.000Z,43,00:30:53,1853000,2,After-6-month,00:17:23,1043000,E2 LTN areas
E2 8,01/02/2022,01/02/2022,T00:00:00.000Z,2022-02-01T00:00:00.000Z,8,00:06:14,374000,1,After-6-month,00:01:13,73000,E2 LTN areas
E2 8,01/02/2022,01/02/2022,T00:00:00.000Z,2022-02-01T00:00:00.000Z,35,00:34:11,2051000,2,After-6-month,00:13:51,831000,E2 LTN areas
E2 8,01/03/2022,01/03/2022,T00:00:00.000Z,2022-03-01T00:00:00.000Z,8,00:07:43,463000,1,After-6-month,###############################################################################################################################################################################################################################################################,-101000,E2 LTN areas
E2 8,01/03/2022,01/03/2022,T00:00:00.000Z,2022-03-01T00:00:00.000Z,45,00:40:30,2430000,2,After-6-month,###############################################################################################################################################################################################################################################################,-95000,E2 LTN areas
E2 8,01/04/2022,01/04/2022,T00:00:00.000Z,2022-04-01T00:00:00.000Z,8,00:04:22,262000,1,After-6-month,###############################################################################################################################################################################################################################################################,-270000,E2 LTN areas
E2 8,01/04/2022,01/04/2022,T00:00:00.000Z,2022-04-01T00:00:00.000Z,39,00:40:46,2446000,2,After-6-month,00:26:33,1593000,E2 LTN areas
E2 8,01/05/2022,01/05/2022,T00:00:00.000Z,2022-05-01T00:00:00.000Z,8,00:08:39,519000,1,After-6-month,00:02:46,166000,E2 LTN areas
E2 8,01/05/2022,01/05/2022,T00:00:00.000Z,2022-05-01T00:00:00.000Z,42,00:48:35,2915000,2,After-6-month,00:41:19,2479000,E2 LTN areas
E2 8,01/06/2022,01/06/2022,T00:00:00.000Z,2022-06-01T00:00:00.000Z,8,00:05:56,356000,1,After,00:01:31,91000,E2 LTN areas
E2 8,01/06/2022,01/06/2022,T00:00:00.000Z,2022-06-01T00:00:00.000Z,40,01:00:52,3652000,2,After,00:52:24,3144000,E2 LTN areas
E2 9,01/06/2019,01/06/2019,T00:00:00.000Z,2019-06-01T00:00:00.000Z,14,00:06:35,395000,1,Before,00:00:00,0,E2 LTN areas
E2 9,01/06/2019,01/06/2019,T00:00:00.000Z,2019-06-01T00:00:00.000Z,92,00:19:30,1170000,2,Before,00:00:00,0,E2 LTN areas
E2 9,01/07/2019,01/07/2019,T00:00:00.000Z,2019-07-01T00:00:00.000Z,16,00:04:39,279000,1,Before,00:00:00,0,E2 LTN areas
E2 9,01/07/2019,01/07/2019,T00:00:00.000Z,2019-07-01T00:00:00.000Z,64,00:18:38,1118000,2,Before,00:00:00,0,E2 LTN areas
E2 9,01/08/2019,01/08/2019,T00:00:00.000Z,2019-08-01T00:00:00.000Z,13,00:05:56,356000,1,Before,00:00:00,0,E2 LTN areas
E2 9,01/08/2019,01/08/2019,T00:00:00.000Z,2019-08-01T00:00:00.000Z,71,00:16:06,966000,2,Before,00:00:00,0,E2 LTN areas
E2 9,01/09/2019,01/09/2019,T00:00:00.000Z,2019-09-01T00:00:00.000Z,10,00:05:02,302000,1,Before,00:00:00,0,E2 LTN areas
E2 9,01/09/2019,01/09/2019,T00:00:00.000Z,2019-09-01T00:00:00.000Z,68,00:12:36,756000,2,Before,00:00:00,0,E2 LTN areas
E2 9,01/10/2019,01/10/2019,T00:00:00.000Z,2019-10-01T00:00:00.000Z,15,00:08:15,495000,1,Before,00:00:00,0,E2 LTN areas
E2 9,01/10/2019,01/10/2019,T00:00:00.000Z,2019-10-01T00:00:00.000Z,86,00:18:50,1130000,2,Before,00:00:00,0,E2 LTN areas
E2 9,01/11/2019,01/11/2019,T00:00:00.000Z,2019-11-01T00:00:00.000Z,15,00:05:39,339000,1,Before,00:00:00,0,E2 LTN areas
E2 9,01/11/2019,01/11/2019,T00:00:00.000Z,2019-11-01T00:00:00.000Z,77,00:19:41,1181000,2,Before,00:00:00,0,E2 LTN areas
E2 9,01/12/2019,01/12/2019,T00:00:00.000Z,2019-12-01T00:00:00.000Z,20,00:06:01,361000,1,Before-6-month,00:00:00,0,E2 LTN areas
E2 9,01/12/2019,01/12/2019,T00:00:00.000Z,2019-12-01T00:00:00.000Z,77,00:21:18,1278000,2,Before-6-month,00:00:00,0,E2 LTN areas
E2 9,01/01/2020,01/01/2020,T00:00:00.000Z,2020-01-01T00:00:00.000Z,10,00:05:31,331000,1,Before-6-month,00:00:00,0,E2 LTN areas
E2 9,01/01/2020,01/01/2020,T00:00:00.000Z,2020-01-01T00:00:00.000Z,92,00:14:21,861000,2,Before-6-month,00:00:00,0,E2 LTN areas
E2 9,01/02/2020,01/02/2020,T00:00:00.000Z,2020-02-01T00:00:00.000Z,11,00:06:23,383000,1,Before-6-month,00:00:00,0,E2 LTN areas
E2 9,01/02/2020,01/02/2020,T00:00:00.000Z,2020-02-01T00:00:00.000Z,80,00:19:04,1144000,2,Before-6-month,00:00:00,0,E2 LTN areas
E2 9,01/03/2020,01/03/2020,T00:00:00.000Z,2020-03-01T00:00:00.000Z,11,00:07:23,443000,1,Before-6-month,00:00:00,0,E2 LTN areas
E2 9,01/03/2020,01/03/2020,T00:00:00.000Z,2020-03-01T00:00:00.000Z,81,00:36:33,2193000,2,Before-6-month,00:00:00,0,E2 LTN areas
E2 9,01/04/2020,01/04/2020,T00:00:00.000Z,2020-04-01T00:00:00.000Z,5,00:07:23,443000,1,Before-6-month,00:00:00,0,E2 LTN areas
E2 9,01/04/2020,01/04/2020,T00:00:00.000Z,2020-04-01T00:00:00.000Z,60,00:12:19,739000,2,Before-6-month,00:00:00,0,E2 LTN areas
E2 9,01/05/2020,01/05/2020,T00:00:00.000Z,2020-05-01T00:00:00.000Z,16,00:04:30,270000,1,Before-6-month,00:00:00,0,E2 LTN areas
E2 9,01/05/2020,01/05/2020,T00:00:00.000Z,2020-05-01T00:00:00.000Z,45,00:05:32,332000,2,Before-6-month,00:00:00,0,E2 LTN areas
E2 9,01/06/2020,01/06/2020,T00:00:00.000Z,2020-06-01T00:00:00.000Z,7,00:03:27,207000,1,Before,00:00:00,0,E2 LTN areas
E2 9,01/06/2020,01/06/2020,T00:00:00.000Z,2020-06-01T00:00:00.000Z,62,00:07:34,454000,2,Before,00:00:00,0,E2 LTN areas
E2 9,01/07/2020,01/07/2020,T00:00:00.000Z,2020-07-01T00:00:00.000Z,6,00:07:26,446000,1,After,00:00:00,0,E2 LTN areas
E2 9,01/07/2020,01/07/2020,T00:00:00.000Z,2020-07-01T00:00:00.000Z,69,00:08:07,487000,2,After,00:00:00,0,E2 LTN areas
E2 9,01/08/2020,01/08/2020,T00:00:00.000Z,2020-08-01T00:00:00.000Z,6,00:04:15,255000,1,After,00:00:00,0,E2 LTN areas
E2 9,01/08/2020,01/08/2020,T00:00:00.000Z,2020-08-01T00:00:00.000Z,75,00:11:05,665000,2,After,00:00:00,0,E2 LTN areas
E2 9,01/09/2020,01/09/2020,T00:00:00.000Z,2020-09-01T00:00:00.000Z,12,00:04:21,261000,1,After,00:00:00,0,E2 LTN areas
E2 9,01/09/2020,01/09/2020,T00:00:00.000Z,2020-09-01T00:00:00.000Z,66,00:13:18,798000,2,After,00:00:00,0,E2 LTN areas
E2 9,01/10/2020,01/10/2020,T00:00:00.000Z,2020-10-01T00:00:00.000Z,12,00:04:38,278000,1,After,00:00:00,0,E2 LTN areas
E2 9,01/10/2020,01/10/2020,T00:00:00.000Z,2020-10-01T00:00:00.000Z,91,00:11:50,710000,2,After,00:00:00,0,E2 LTN areas
E2 9,01/11/2020,01/11/2020,T00:00:00.000Z,2020-11-01T00:00:00.000Z,10,00:04:01,241000,1,After,00:00:00,0,E2 LTN areas
E2 9,01/11/2020,01/11/2020,T00:00:00.000Z,2020-11-01T00:00:00.000Z,91,00:11:36,696000,2,After,00:00:00,0,E2 LTN areas
E2 9,01/12/2020,01/12/2020,T00:00:00.000Z,2020-12-01T00:00:00.000Z,11,00:06:38,398000,1,After,00:00:00,0,E2 LTN areas
E2 9,01/12/2020,01/12/2020,T00:00:00.000Z,2020-12-01T00:00:00.000Z,100,00:48:00,2880000,2,After,00:00:00,0,E2 LTN areas
E2 9,01/01/2021,01/01/2021,T00:00:00.000Z,2021-01-01T00:00:00.000Z,16,00:06:49,409000,1,After,00:00:00,0,E2 LTN areas
E2 9,01/01/2021,01/01/2021,T00:00:00.000Z,2021-01-01T00:00:00.000Z,96,00:32:30,1950000,2,After,00:00:00,0,E2 LTN areas
E2 9,01/02/2021,01/02/2021,T00:00:00.000Z,2021-02-01T00:00:00.000Z,6,00:03:18,198000,1,After,00:00:00,0,E2 LTN areas
E2 9,01/02/2021,01/02/2021,T00:00:00.000Z,2021-02-01T00:00:00.000Z,79,00:09:13,553000,2,After,00:00:00,0,E2 LTN areas
E2 9,01/03/2021,01/03/2021,T00:00:00.000Z,2021-03-01T00:00:00.000Z,6,00:03:49,229000,1,After,00:00:00,0,E2 LTN areas
E2 9,01/03/2021,01/03/2021,T00:00:00.000Z,2021-03-01T00:00:00.000Z,82,00:11:36,696000,2,After,00:00:00,0,E2 LTN areas
E2 9,01/04/2021,01/04/2021,T00:00:00.000Z,2021-04-01T00:00:00.000Z,17,00:04:16,256000,1,After,00:00:00,0,E2 LTN areas
E2 9,01/04/2021,01/04/2021,T00:00:00.000Z,2021-04-01T00:00:00.000Z,67,00:13:08,788000,2,After,00:00:00,0,E2 LTN areas
E2 9,01/05/2021,01/05/2021,T00:00:00.000Z,2021-05-01T00:00:00.000Z,24,00:04:55,295000,1,After,00:00:00,0,E2 LTN areas
E2 9,01/05/2021,01/05/2021,T00:00:00.000Z,2021-05-01T00:00:00.000Z,91,00:16:04,964000,2,After,00:00:00,0,E2 LTN areas
E2 9,01/06/2021,01/06/2021,T00:00:00.000Z,2021-06-01T00:00:00.000Z,16,00:04:24,264000,1,After,00:00:00,0,E2 LTN areas
E2 9,01/06/2021,01/06/2021,T00:00:00.000Z,2021-06-01T00:00:00.000Z,112,00:22:51,1371000,2,After,00:00:00,0,E2 LTN areas
E2 9,01/07/2021,01/07/2021,T00:00:00.000Z,2021-07-01T00:00:00.000Z,15,00:05:04,304000,1,After,00:00:00,0,E2 LTN areas
E2 9,01/07/2021,01/07/2021,T00:00:00.000Z,2021-07-01T00:00:00.000Z,89,00:44:59,2699000,2,After,00:00:00,0,E2 LTN areas
E2 9,01/08/2021,01/08/2021,T00:00:00.000Z,2021-08-01T00:00:00.000Z,20,00:06:19,379000,1,After,00:00:00,0,E2 LTN areas
E2 9,01/08/2021,01/08/2021,T00:00:00.000Z,2021-08-01T00:00:00.000Z,87,00:35:03,2103000,2,After,00:00:00,0,E2 LTN areas
E2 9,01/09/2021,01/09/2021,T00:00:00.000Z,2021-09-01T00:00:00.000Z,22,00:05:50,350000,1,After,00:00:00,0,E2 LTN areas
E2 9,01/09/2021,01/09/2021,T00:00:00.000Z,2021-09-01T00:00:00.000Z,74,00:44:04,2644000,2,After,00:00:00,0,E2 LTN areas
E2 9,01/10/2021,01/10/2021,T00:00:00.000Z,2021-10-01T00:00:00.000Z,16,00:07:26,446000,1,After,###############################################################################################################################################################################################################################################################,-49000,E2 LTN areas
E2 9,01/10/2021,01/10/2021,T00:00:00.000Z,2021-10-01T00:00:00.000Z,81,00:48:38,2918000,2,After,00:29:48,1788000,E2 LTN areas
E2 9,01/11/2021,01/11/2021,T00:00:00.000Z,2021-11-01T00:00:00.000Z,15,00:11:04,664000,1,After,00:05:25,325000,E2 LTN areas
E2 9,01/11/2021,01/11/2021,T00:00:00.000Z,2021-11-01T00:00:00.000Z,98,00:43:46,2626000,2,After,00:24:05,1445000,E2 LTN areas
E2 9,01/12/2021,01/12/2021,T00:00:00.000Z,2021-12-01T00:00:00.000Z,20,00:05:50,350000,1,After-6-month,###############################################################################################################################################################################################################################################################,-11000,E2 LTN areas
E2 9,01/12/2021,01/12/2021,T00:00:00.000Z,2021-12-01T00:00:00.000Z,89,01:04:22,3862000,2,After-6-month,00:43:04,2584000,E2 LTN areas
E2 9,01/01/2022,01/01/2022,T00:00:00.000Z,2022-01-01T00:00:00.000Z,16,00:06:40,400000,1,After-6-month,00:01:09,69000,E2 LTN areas
E2 9,01/01/2022,01/01/2022,T00:00:00.000Z,2022-01-01T00:00:00.000Z,79,00:30:59,1859000,2,After-6-month,00:16:38,998000,E2 LTN areas
E2 9,01/02/2022,01/02/2022,T00:00:00.000Z,2022-02-01T00:00:00.000Z,10,00:05:42,342000,1,After-6-month,###############################################################################################################################################################################################################################################################,-41000,E2 LTN areas
E2 9,01/02/2022,01/02/2022,T00:00:00.000Z,2022-02-01T00:00:00.000Z,69,00:32:52,1972000,2,After-6-month,00:13:48,828000,E2 LTN areas
E2 9,01/03/2022,01/03/2022,T00:00:00.000Z,2022-03-01T00:00:00.000Z,12,00:04:53,293000,1,After-6-month,###############################################################################################################################################################################################################################################################,-150000,E2 LTN areas
E2 9,01/03/2022,01/03/2022,T00:00:00.000Z,2022-03-01T00:00:00.000Z,95,00:48:47,2927000,2,After-6-month,00:12:14,734000,E2 LTN areas
E2 9,01/04/2022,01/04/2022,T00:00:00.000Z,2022-04-01T00:00:00.000Z,17,00:04:43,283000,1,After-6-month,###############################################################################################################################################################################################################################################################,-160000,E2 LTN areas
E2 9,01/04/2022,01/04/2022,T00:00:00.000Z,2022-04-01T00:00:00.000Z,91,00:42:47,2567000,2,After-6-month,00:30:28,1828000,E2 LTN areas
E2 9,01/05/2022,01/05/2022,T00:00:00.000Z,2022-05-01T00:00:00.000Z,19,00:05:53,353000,1,After-6-month,00:01:23,83000,E2 LTN areas
E2 9,01/05/2022,01/05/2022,T00:00:00.000Z,2022-05-01T00:00:00.000Z,67,00:38:26,2306000,2,After-6-month,00:32:54,1974000,E2 LTN areas
E2 9,01/06/2022,01/06/2022,T00:00:00.000Z,2022-06-01T00:00:00.000Z,27,00:05:32,332000,1,After,00:02:05,125000,E2 LTN areas
E2 9,01/06/2022,01/06/2022,T00:00:00.000Z,2022-06-01T00:00:00.000Z,70,00:57:27,3447000,2,After,00:49:53,2993000,E2 LTN areas
TH,01/06/2019,01/06/2019,T00:00:00.000Z,2019-06-01T00:00:00.000Z,452,00:06:15,375000,1,Before,00:00:00,0,Tower Hamlets
TH,01/06/2019,01/06/2019,T00:00:00.000Z,2019-06-01T00:00:00.000Z,1929,00:18:44,1124000,2,Before,00:00:00,0,Tower Hamlets
TH,01/07/2019,01/07/2019,T00:00:00.000Z,2019-07-01T00:00:00.000Z,435,00:06:23,383000,1,Before,00:00:00,0,Tower Hamlets
TH,01/07/2019,01/07/2019,T00:00:00.000Z,2019-07-01T00:00:00.000Z,1980,00:17:54,1074000,2,Before,00:00:00,0,Tower Hamlets
TH,01/08/2019,01/08/2019,T00:00:00.000Z,2019-08-01T00:00:00.000Z,393,00:05:54,354000,1,Before,00:00:00,0,Tower Hamlets
TH,01/08/2019,01/08/2019,T00:00:00.000Z,2019-08-01T00:00:00.000Z,1889,00:15:01,901000,2,Before,00:00:00,0,Tower Hamlets
TH,01/09/2019,01/09/2019,T00:00:00.000Z,2019-09-01T00:00:00.000Z,325,00:06:04,364000,1,Before,00:00:00,0,Tower Hamlets
TH,01/09/2019,01/09/2019,T00:00:00.000Z,2019-09-01T00:00:00.000Z,2021,00:15:33,933000,2,Before,00:00:00,0,Tower Hamlets
TH,01/10/2019,01/10/2019,T00:00:00.000Z,2019-10-01T00:00:00.000Z,330,00:06:42,402000,1,Before,00:00:00,0,Tower Hamlets
TH,01/10/2019,01/10/2019,T00:00:00.000Z,2019-10-01T00:00:00.000Z,2064,00:17:33,1053000,2,Before,00:00:00,0,Tower Hamlets
TH,01/11/2019,01/11/2019,T00:00:00.000Z,2019-11-01T00:00:00.000Z,330,00:06:48,408000,1,Before,00:00:00,0,Tower Hamlets
TH,01/11/2019,01/11/2019,T00:00:00.000Z,2019-11-01T00:00:00.000Z,2100,00:18:47,1127000,2,Before,00:00:00,0,Tower Hamlets
TH,01/12/2019,01/12/2019,T00:00:00.000Z,2019-12-01T00:00:00.000Z,407,00:06:35,395000,1,Before-6-month,00:00:00,0,Tower Hamlets
TH,01/12/2019,01/12/2019,T00:00:00.000Z,2019-12-01T00:00:00.000Z,2214,00:23:10,1390000,2,Before-6-month,00:00:00,0,Tower Hamlets
TH,01/01/2020,01/01/2020,T00:00:00.000Z,2020-01-01T00:00:00.000Z,333,00:06:27,387000,1,Before-6-month,00:00:00,0,Tower Hamlets
TH,01/01/2020,01/01/2020,T00:00:00.000Z,2020-01-01T00:00:00.000Z,2146,00:16:11,971000,2,Before-6-month,00:00:00,0,Tower Hamlets
TH,01/02/2020,01/02/2020,T00:00:00.000Z,2020-02-01T00:00:00.000Z,315,00:06:40,400000,1,Before-6-month,00:00:00,0,Tower Hamlets
TH,01/02/2020,01/02/2020,T00:00:00.000Z,2020-02-01T00:00:00.000Z,1976,00:20:21,1221000,2,Before-6-month,00:00:00,0,Tower Hamlets
TH,01/03/2020,01/03/2020,T00:00:00.000Z,2020-03-01T00:00:00.000Z,389,00:09:30,570000,1,Before-6-month,00:00:00,0,Tower Hamlets
TH,01/03/2020,01/03/2020,T00:00:00.000Z,2020-03-01T00:00:00.000Z,2125,00:49:30,2970000,2,Before-6-month,00:00:00,0,Tower Hamlets
TH,01/04/2020,01/04/2020,T00:00:00.000Z,2020-04-01T00:00:00.000Z,267,00:06:42,402000,1,Before-6-month,00:00:00,0,Tower Hamlets
TH,01/04/2020,01/04/2020,T00:00:00.000Z,2020-04-01T00:00:00.000Z,1487,00:19:15,1155000,2,Before-6-month,00:00:00,0,Tower Hamlets
TH,01/05/2020,01/05/2020,T00:00:00.000Z,2020-05-01T00:00:00.000Z,264,00:05:28,328000,1,Before-6-month,00:00:00,0,Tower Hamlets
TH,01/05/2020,01/05/2020,T00:00:00.000Z,2020-05-01T00:00:00.000Z,1470,00:07:22,442000,2,Before-6-month,00:00:00,0,Tower Hamlets
TH,01/06/2020,01/06/2020,T00:00:00.000Z,2020-06-01T00:00:00.000Z,210,00:05:16,316000,1,Before,00:00:00,0,Tower Hamlets
TH,01/06/2020,01/06/2020,T00:00:00.000Z,2020-06-01T00:00:00.000Z,1603,00:08:20,500000,2,Before,00:00:00,0,Tower Hamlets
TH,01/07/2020,01/07/2020,T00:00:00.000Z,2020-07-01T00:00:00.000Z,255,00:05:46,346000,1,After,00:00:00,0,Tower Hamlets
TH,01/07/2020,01/07/2020,T00:00:00.000Z,2020-07-01T00:00:00.000Z,1662,00:09:48,588000,2,After,00:00:00,0,Tower Hamlets
TH,01/08/2020,01/08/2020,T00:00:00.000Z,2020-08-01T00:00:00.000Z,289,00:05:36,336000,1,After,00:00:00,0,Tower Hamlets
TH,01/08/2020,01/08/2020,T00:00:00.000Z,2020-08-01T00:00:00.000Z,1773,00:12:43,763000,2,After,00:00:00,0,Tower Hamlets
TH,01/09/2020,01/09/2020,T00:00:00.000Z,2020-09-01T00:00:00.000Z,270,00:05:14,314000,1,After,00:00:00,0,Tower Hamlets
TH,01/09/2020,01/09/2020,T00:00:00.000Z,2020-09-01T00:00:00.000Z,1890,00:15:22,922000,2,After,00:00:00,0,Tower Hamlets
TH,01/10/2020,01/10/2020,T00:00:00.000Z,2020-10-01T00:00:00.000Z,298,00:04:50,290000,1,After,00:00:00,0,Tower Hamlets
TH,01/10/2020,01/10/2020,T00:00:00.000Z,2020-10-01T00:00:00.000Z,1944,00:13:18,798000,2,After,00:00:00,0,Tower Hamlets
TH,01/11/2020,01/11/2020,T00:00:00.000Z,2020-11-01T00:00:00.000Z,243,00:05:03,303000,1,After,00:00:00,0,Tower Hamlets
TH,01/11/2020,01/11/2020,T00:00:00.000Z,2020-11-01T00:00:00.000Z,1957,00:13:28,808000,2,After,00:00:00,0,Tower Hamlets
TH,01/12/2020,01/12/2020,T00:00:00.000Z,2020-12-01T00:00:00.000Z,304,00:06:33,393000,1,After,00:00:00,0,Tower Hamlets
TH,01/12/2020,01/12/2020,T00:00:00.000Z,2020-12-01T00:00:00.000Z,2353,00:50:03,3003000,2,After,00:00:00,0,Tower Hamlets
TH,01/01/2021,01/01/2021,T00:00:00.000Z,2021-01-01T00:00:00.000Z,295,00:05:55,355000,1,After,00:00:00,0,Tower Hamlets
TH,01/01/2021,01/01/2021,T00:00:00.000Z,2021-01-01T00:00:00.000Z,2400,00:45:00,2700000,2,After,00:00:00,0,Tower Hamlets
TH,01/02/2021,01/02/2021,T00:00:00.000Z,2021-02-01T00:00:00.000Z,195,00:05:00,300000,1,After,00:00:00,0,Tower Hamlets
TH,01/02/2021,01/02/2021,T00:00:00.000Z,2021-02-01T00:00:00.000Z,1619,00:10:15,615000,2,After,00:00:00,0,Tower Hamlets
TH,01/03/2021,01/03/2021,T00:00:00.000Z,2021-03-01T00:00:00.000Z,281,00:05:22,322000,1,After,00:00:00,0,Tower Hamlets
TH,01/03/2021,01/03/2021,T00:00:00.000Z,2021-03-01T00:00:00.000Z,1842,00:11:42,702000,2,After,00:00:00,0,Tower Hamlets
TH,01/04/2021,01/04/2021,T00:00:00.000Z,2021-04-01T00:00:00.000Z,266,00:05:37,337000,1,After,00:00:00,0,Tower Hamlets
TH,01/04/2021,01/04/2021,T00:00:00.000Z,2021-04-01T00:00:00.000Z,1963,00:16:17,977000,2,After,00:00:00,0,Tower Hamlets
TH,01/05/2021,01/05/2021,T00:00:00.000Z,2021-05-01T00:00:00.000Z,336,00:05:46,346000,1,After,00:00:00,0,Tower Hamlets
TH,01/05/2021,01/05/2021,T00:00:00.000Z,2021-05-01T00:00:00.000Z,2161,00:19:42,1182000,2,After,00:00:00,0,Tower Hamlets
TH,01/06/2021,01/06/2021,T00:00:00.000Z,2021-06-01T00:00:00.000Z,364,00:05:34,334000,1,After,00:00:00,0,Tower Hamlets
TH,01/06/2021,01/06/2021,T00:00:00.000Z,2021-06-01T00:00:00.000Z,2304,00:27:53,1673000,2,After,00:00:00,0,Tower Hamlets
TH,01/07/2021,01/07/2021,T00:00:00.000Z,2021-07-01T00:00:00.000Z,379,00:06:33,393000,1,After,00:00:00,0,Tower Hamlets
TH,01/07/2021,01/07/2021,T00:00:00.000Z,2021-07-01T00:00:00.000Z,2113,00:45:34,2734000,2,After,00:00:00,0,Tower Hamlets
TH,01/08/2021,01/08/2021,T00:00:00.000Z,2021-08-01T00:00:00.000Z,377,00:06:09,369000,1,After,00:00:00,0,Tower Hamlets
TH,01/08/2021,01/08/2021,T00:00:00.000Z,2021-08-01T00:00:00.000Z,2115,00:43:04,2584000,2,After,00:00:00,0,Tower Hamlets
TH,01/09/2021,01/09/2021,T00:00:00.000Z,2021-09-01T00:00:00.000Z,391,00:06:49,409000,1,After,00:00:00,0,Tower Hamlets
TH,01/09/2021,01/09/2021,T00:00:00.000Z,2021-09-01T00:00:00.000Z,1934,00:46:28,2788000,2,After,00:00:00,0,Tower Hamlets
TH,01/10/2021,01/10/2021,T00:00:00.000Z,2021-10-01T00:00:00.000Z,454,00:06:40,400000,1,After,###############################################################################################################################################################################################################################################################,-2000,Tower Hamlets
TH,01/10/2021,01/10/2021,T00:00:00.000Z,2021-10-01T00:00:00.000Z,2081,00:52:49,3169000,2,After,00:35:16,2116000,Tower Hamlets
TH,01/11/2021,01/11/2021,T00:00:00.000Z,2021-11-01T00:00:00.000Z,426,00:06:22,382000,1,After,###############################################################################################################################################################################################################################################################,-26000,Tower Hamlets
TH,01/11/2021,01/11/2021,T00:00:00.000Z,2021-11-01T00:00:00.000Z,2085,00:48:24,2904000,2,After,00:29:37,1777000,Tower Hamlets
TH,01/12/2021,01/12/2021,T00:00:00.000Z,2021-12-01T00:00:00.000Z,405,00:06:10,370000,1,After-6-month,###############################################################################################################################################################################################################################################################,-25000,Tower Hamlets
TH,01/12/2021,01/12/2021,T00:00:00.000Z,2021-12-01T00:00:00.000Z,1984,00:59:22,3562000,2,After-6-month,00:36:12,2172000,Tower Hamlets
TH,01/01/2022,01/01/2022,T00:00:00.000Z,2022-01-01T00:00:00.000Z,331,00:05:51,351000,1,After-6-month,###############################################################################################################################################################################################################################################################,-36000,Tower Hamlets
TH,01/01/2022,01/01/2022,T00:00:00.000Z,2022-01-01T00:00:00.000Z,1813,00:36:25,2185000,2,After-6-month,00:20:14,1214000,Tower Hamlets
TH,01/02/2022,01/02/2022,T00:00:00.000Z,2022-02-01T00:00:00.000Z,303,00:06:08,368000,1,After-6-month,###############################################################################################################################################################################################################################################################,-32000,Tower Hamlets
TH,01/02/2022,01/02/2022,T00:00:00.000Z,2022-02-01T00:00:00.000Z,1669,00:36:44,2204000,2,After-6-month,00:16:23,983000,Tower Hamlets
TH,01/03/2022,01/03/2022,T00:00:00.000Z,2022-03-01T00:00:00.000Z,426,00:06:54,414000,1,After-6-month,###############################################################################################################################################################################################################################################################,-156000,Tower Hamlets
TH,01/03/2022,01/03/2022,T00:00:00.000Z,2022-03-01T00:00:00.000Z,1871,00:52:46,3166000,2,After-6-month,00:03:16,196000,Tower Hamlets
TH,01/04/2022,01/04/2022,T00:00:00.000Z,2022-04-01T00:00:00.000Z,395,00:06:02,362000,1,After-6-month,###############################################################################################################################################################################################################################################################,-40000,Tower Hamlets
TH,01/04/2022,01/04/2022,T00:00:00.000Z,2022-04-01T00:00:00.000Z,1769,00:40:50,2450000,2,After-6-month,00:21:35,1295000,Tower Hamlets
TH,01/05/2022,01/05/2022,T00:00:00.000Z,2022-05-01T00:00:00.000Z,409,00:06:33,393000,1,After-6-month,00:01:05,65000,Tower Hamlets
TH,01/05/2022,01/05/2022,T00:00:00.000Z,2022-05-01T00:00:00.000Z,1852,00:42:29,2549000,2,After-6-month,00:35:07,2107000,Tower Hamlets
TH,01/06/2022,01/06/2022,T00:00:00.000Z,2022-06-01T00:00:00.000Z,433,00:07:10,430000,1,After,00:01:54,114000,Tower Hamlets
TH,01/06/2022,01/06/2022,T00:00:00.000Z,2022-06-01T00:00:00.000Z,1796,00:56:52,3412000,2,After,00:48:32,2912000,Tower Hamlets