Area,Date,Category,mean sec,pct_90th_percentile,type,utcdate,time,utctimestamp,mean ms,period
TH,2019-06-01,1,00:06:15,00:10:47,Tower Hamlets,2019-06-01,T00:00:00.000Z,2019-06-01T00:00:00.000Z,375000,Before
TH,2019-07-01,1,00:06:23,00:09:56,Tower Hamlets,2019-07-01,T00:00:00.000Z,2019-07-01T00:00:00.000Z,383000,Before
TH,2019-08-01,1,00:05:54,00:09:49,Tower Hamlets,2019-08-01,T00:00:00.000Z,2019-08-01T00:00:00.000Z,354000,Before
TH,2019-09-01,1,00:06:04,00:10:01,Tower Hamlets,2019-09-01,T00:00:00.000Z,2019-09-01T00:00:00.000Z,364000,Before
TH,2019-10-01,1,00:06:42,00:11:05,Tower Hamlets,2019-10-01,T00:00:00.000Z,2019-10-01T00:00:00.000Z,402000,Before
TH,2019-11-01,1,00:06:48,00:11:05,Tower Hamlets,2019-11-01,T00:00:00.000Z,2019-11-01T00:00:00.000Z,408000,Before
TH,2019-12-01,1,00:06:35,00:10:46,Tower Hamlets,2019-12-01,T00:00:00.000Z,2019-12-01T00:00:00.000Z,395000,Before-6-month
TH,2020-01-01,1,00:06:27,00:11:07,Tower Hamlets,2020-01-01,T00:00:00.000Z,2020-01-01T00:00:00.000Z,387000,Before-6-month
TH,2020-02-01,1,00:06:40,00:10:26,Tower Hamlets,2020-02-01,T00:00:00.000Z,2020-02-01T00:00:00.000Z,400000,Before-6-month
TH,2020-03-01,1,00:09:30,00:17:31,Tower Hamlets,2020-03-01,T00:00:00.000Z,2020-03-01T00:00:00.000Z,570000,Before-6-month
TH,2020-04-01,1,00:06:42,00:12:25,Tower Hamlets,2020-04-01,T00:00:00.000Z,2020-04-01T00:00:00.000Z,402000,Before-6-month
TH,2020-05-01,1,00:05:28,00:09:42,Tower Hamlets,2020-05-01,T00:00:00.000Z,2020-05-01T00:00:00.000Z,328000,Before-6-month
TH,2020-06-01,1,00:05:16,00:08:25,Tower Hamlets,2020-06-01,T00:00:00.000Z,2020-06-01T00:00:00.000Z,316000,Before
TH,2020-07-01,1,00:05:46,00:09:43,Tower Hamlets,2020-07-01,T00:00:00.000Z,2020-07-01T00:00:00.000Z,346000,After
TH,2020-08-01,1,00:05:36,00:09:46,Tower Hamlets,2020-08-01,T00:00:00.000Z,2020-08-01T00:00:00.000Z,336000,After
TH,2020-09-01,1,00:05:14,00:08:59,Tower Hamlets,2020-09-01,T00:00:00.000Z,2020-09-01T00:00:00.000Z,314000,After
TH,2020-10-01,1,00:04:50,00:08:24,Tower Hamlets,2020-10-01,T00:00:00.000Z,2020-10-01T00:00:00.000Z,290000,After
TH,2020-11-01,1,00:05:03,00:08:41,Tower Hamlets,2020-11-01,T00:00:00.000Z,2020-11-01T00:00:00.000Z,303000,After
TH,2020-12-01,1,00:06:33,00:11:05,Tower Hamlets,2020-12-01,T00:00:00.000Z,2020-12-01T00:00:00.000Z,393000,After
TH,2021-01-01,1,00:05:55,00:09:18,Tower Hamlets,2021-01-01,T00:00:00.000Z,2021-01-01T00:00:00.000Z,355000,After
TH,2021-02-01,1,00:05:00,00:08:48,Tower Hamlets,2021-02-01,T00:00:00.000Z,2021-02-01T00:00:00.000Z,300000,After
TH,2021-03-01,1,00:05:22,00:08:45,Tower Hamlets,2021-03-01,T00:00:00.000Z,2021-03-01T00:00:00.000Z,322000,After
TH,2021-04-01,1,00:05:37,00:09:20,Tower Hamlets,2021-04-01,T00:00:00.000Z,2021-04-01T00:00:00.000Z,337000,After
TH,2021-05-01,1,00:05:46,00:10:11,Tower Hamlets,2021-05-01,T00:00:00.000Z,2021-05-01T00:00:00.000Z,346000,After
TH,2021-06-01,1,00:05:34,00:10:11,Tower Hamlets,2021-06-01,T00:00:00.000Z,2021-06-01T00:00:00.000Z,334000,After
TH,2021-07-01,1,00:06:33,00:11:22,Tower Hamlets,2021-07-01,T00:00:00.000Z,2021-07-01T00:00:00.000Z,393000,After
TH,2021-08-01,1,00:06:09,00:10:47,Tower Hamlets,2021-08-01,T00:00:00.000Z,2021-08-01T00:00:00.000Z,369000,After
TH,2021-09-01,1,00:06:49,00:11:46,Tower Hamlets,2021-09-01,T00:00:00.000Z,2021-09-01T00:00:00.000Z,409000,After
TH,2021-10-01,1,00:06:40,00:11:27,Tower Hamlets,2021-10-01,T00:00:00.000Z,2021-10-01T00:00:00.000Z,400000,After
TH,2021-11-01,1,00:06:22,00:10:14,Tower Hamlets,2021-11-01,T00:00:00.000Z,2021-11-01T00:00:00.000Z,382000,After
TH,2021-12-01,1,00:06:10,00:10:43,Tower Hamlets,2021-12-01,T00:00:00.000Z,2021-12-01T00:00:00.000Z,370000,After-6-month
TH,2022-01-01,1,00:05:51,00:09:06,Tower Hamlets,2022-01-01,T00:00:00.000Z,2022-01-01T00:00:00.000Z,351000,After-6-month
TH,2022-02-01,1,00:06:08,00:09:58,Tower Hamlets,2022-02-01,T00:00:00.000Z,2022-02-01T00:00:00.000Z,368000,After-6-month
TH,2022-03-01,1,00:06:54,00:11:41,Tower Hamlets,2022-03-01,T00:00:00.000Z,2022-03-01T00:00:00.000Z,414000,After-6-month
TH,2022-04-01,1,00:06:02,00:10:23,Tower Hamlets,2022-04-01,T00:00:00.000Z,2022-04-01T00:00:00.000Z,362000,After-6-month
TH,2022-05-01,1,00:06:33,00:11:18,Tower Hamlets,2022-05-01,T00:00:00.000Z,2022-05-01T00:00:00.000Z,393000,After-6-month
TH,2022-06-01,1,00:07:10,00:11:44,Tower Hamlets,2022-06-01,T00:00:00.000Z,2022-06-01T00:00:00.000Z,430000,After
TH,2022-07-01,1,00:08:02,00:12:48,Tower Hamlets,2022-07-01,T00:00:00.000Z,2022-07-01T00:00:00.000Z,482000,After
TH,2022-08-01,1,00:06:43,00:11:49,Tower Hamlets,2022-08-01,T00:00:00.000Z,2022-08-01T00:00:00.000Z,403000,After
TH,2022-09-01,1,00:06:51,00:12:07,Tower Hamlets,2022-09-01,T00:00:00.000Z,2022-09-01T00:00:00.000Z,411000,After
TH,2022-12-01,1,00:09:54,00:17:33,Tower Hamlets,2022-12-01,T00:00:00.000Z,2022-12-01T00:00:00.000Z,594000,After
TH,2023-01-01,1,00:07:21,00:12:13,Tower Hamlets,2023-01-01,T00:00:00.000Z,2023-01-01T00:00:00.000Z,441000,After
TH,2023-02-01,1,00:07:27,00:12:21,Tower Hamlets,2023-02-01,T00:00:00.000Z,2023-02-01T00:00:00.000Z,447000,After
TH,2023-03-01,1,00:07:50,00:13:40,Tower Hamlets,2023-03-01,T00:00:00.000Z,2023-03-01T00:00:00.000Z,470000,After
TH,2023-04-01,1,00:07:06,00:12:03,Tower Hamlets,2023-04-01,T00:00:00.000Z,2023-04-01T00:00:00.000Z,426000,After
TH,2023-05-01,1,00:07:26,00:12:43,Tower Hamlets,2023-05-01,T00:00:00.000Z,2023-05-01T00:00:00.000Z,446000,After
TH,2023-06-01,1,00:07:43,00:13:16,Tower Hamlets,2023-06-01,T00:00:00.000Z,2023-06-01T00:00:00.000Z,463000,After
TH,2023-07-01,1,00:06:48,00:11:44,Tower Hamlets,2023-07-01,T00:00:00.000Z,2023-07-01T00:00:00.000Z,408000,After
TH,2023-08-01,1,00:07:04,00:11:46,Tower Hamlets,2023-08-01,T00:00:00.000Z,2023-08-01T00:00:00.000Z,424000,After
TH,2023-09-01,1,00:07:30,00:12:00,Tower Hamlets,2023-09-01,T00:00:00.000Z,2023-09-01T00:00:00.000Z,450000,After
TH,2023-10-01,1,00:06:31,00:11:35,Tower Hamlets,2023-10-01,T00:00:00.000Z,2023-10-01T00:00:00.000Z,391000,After
TH,2023-11-01,1,00:07:13,00:12:32,Tower Hamlets,2023-11-01,T00:00:00.000Z,2023-11-01T00:00:00.000Z,433000,After
TH,2023-12-01,1,00:07:39,00:13:28,Tower Hamlets,2023-12-01,T00:00:00.000Z,2023-12-01T00:00:00.000Z,459000,After
TH,2024-01-01,1,00:07:10,00:12:47,Tower Hamlets,2024-01-01,T00:00:00.000Z,2024-01-01T00:00:00.000Z,430000,After
TH,2024-02-01,1,00:07:12,00:12:06,Tower Hamlets,2024-02-01,T00:00:00.000Z,2024-02-01T00:00:00.000Z,432000,After
TH,2024-03-01,1,00:06:43,00:11:11,Tower Hamlets,2024-03-01,T00:00:00.000Z,2024-03-01T00:00:00.000Z,403000,After
TH,2024-04-01,1,00:06:37,00:11:13,Tower Hamlets,2024-04-01,T00:00:00.000Z,2024-04-01T00:00:00.000Z,397000,After
TH,2024-05-01,1,00:06:50,00:11:47,Tower Hamlets,2024-05-01,T00:00:00.000Z,2024-05-01T00:00:00.000Z,410000,After
TH,2019-06-01,2,00:18:44,00:40:27,Tower Hamlets,2019-06-01,T00:00:00.000Z,2019-06-01T00:00:00.000Z,1124000,Before
TH,2019-07-01,2,00:17:54,00:36:00,Tower Hamlets,2019-07-01,T00:00:00.000Z,2019-07-01T00:00:00.000Z,1074000,Before
TH,2019-08-01,2,00:15:01,00:30:47,Tower Hamlets,2019-08-01,T00:00:00.000Z,2019-08-01T00:00:00.000Z,901000,Before
TH,2019-09-01,2,00:15:33,00:30:51,Tower Hamlets,2019-09-01,T00:00:00.000Z,2019-09-01T00:00:00.000Z,933000,Before
TH,2019-10-01,2,00:17:33,00:35:47,Tower Hamlets,2019-10-01,T00:00:00.000Z,2019-10-01T00:00:00.000Z,1053000,Before
TH,2019-11-01,2,00:18:47,00:40:16,Tower Hamlets,2019-11-01,T00:00:00.000Z,2019-11-01T00:00:00.000Z,1127000,Before
TH,2019-12-01,2,00:23:10,00:51:33,Tower Hamlets,2019-12-01,T00:00:00.000Z,2019-12-01T00:00:00.000Z,1390000,Before-6-month
TH,2020-01-01,2,00:16:11,00:32:42,Tower Hamlets,2020-01-01,T00:00:00.000Z,2020-01-01T00:00:00.000Z,971000,Before-6-month
TH,2020-02-01,2,00:20:21,00:43:19,Tower Hamlets,2020-02-01,T00:00:00.000Z,2020-02-01T00:00:00.000Z,1221000,Before-6-month
TH,2020-03-01,2,00:49:30,01:51:58,Tower Hamlets,2020-03-01,T00:00:00.000Z,2020-03-01T00:00:00.000Z,2970000,Before-6-month
TH,2020-04-01,2,00:19:15,00:45:33,Tower Hamlets,2020-04-01,T00:00:00.000Z,2020-04-01T00:00:00.000Z,1155000,Before-6-month
TH,2020-05-01,2,00:07:22,00:12:17,Tower Hamlets,2020-05-01,T00:00:00.000Z,2020-05-01T00:00:00.000Z,442000,Before-6-month
TH,2020-06-01,2,00:08:20,00:13:52,Tower Hamlets,2020-06-01,T00:00:00.000Z,2020-06-01T00:00:00.000Z,500000,Before
TH,2020-07-01,2,00:09:48,00:17:05,Tower Hamlets,2020-07-01,T00:00:00.000Z,2020-07-01T00:00:00.000Z,588000,After
TH,2020-08-01,2,00:12:43,00:24:46,Tower Hamlets,2020-08-01,T00:00:00.000Z,2020-08-01T00:00:00.000Z,763000,After
TH,2020-09-01,2,00:15:22,00:29:38,Tower Hamlets,2020-09-01,T00:00:00.000Z,2020-09-01T00:00:00.000Z,922000,After
TH,2020-10-01,2,00:13:18,00:25:52,Tower Hamlets,2020-10-01,T00:00:00.000Z,2020-10-01T00:00:00.000Z,798000,After
TH,2020-11-01,2,00:13:28,00:26:16,Tower Hamlets,2020-11-01,T00:00:00.000Z,2020-11-01T00:00:00.000Z,808000,After
TH,2020-12-01,2,00:50:03,02:06:27,Tower Hamlets,2020-12-01,T00:00:00.000Z,2020-12-01T00:00:00.000Z,3003000,After
TH,2021-01-01,2,00:45:00,01:57:04,Tower Hamlets,2021-01-01,T00:00:00.000Z,2021-01-01T00:00:00.000Z,2700000,After
TH,2021-02-01,2,00:10:15,00:18:27,Tower Hamlets,2021-02-01,T00:00:00.000Z,2021-02-01T00:00:00.000Z,615000,After
TH,2021-03-01,2,00:11:42,00:21:51,Tower Hamlets,2021-03-01,T00:00:00.000Z,2021-03-01T00:00:00.000Z,702000,After
TH,2021-04-01,2,00:16:17,00:33:17,Tower Hamlets,2021-04-01,T00:00:00.000Z,2021-04-01T00:00:00.000Z,977000,After
TH,2021-05-01,2,00:19:42,00:41:02,Tower Hamlets,2021-05-01,T00:00:00.000Z,2021-05-01T00:00:00.000Z,1182000,After
TH,2021-06-01,2,00:27:53,01:01:26,Tower Hamlets,2021-06-01,T00:00:00.000Z,2021-06-01T00:00:00.000Z,1673000,After
TH,2021-07-01,2,00:45:34,01:43:06,Tower Hamlets,2021-07-01,T00:00:00.000Z,2021-07-01T00:00:00.000Z,2734000,After
TH,2021-08-01,2,00:43:04,01:33:12,Tower Hamlets,2021-08-01,T00:00:00.000Z,2021-08-01T00:00:00.000Z,2584000,After
TH,2021-09-01,2,00:46:28,01:45:16,Tower Hamlets,2021-09-01,T00:00:00.000Z,2021-09-01T00:00:00.000Z,2788000,After
TH,2021-10-01,2,00:52:49,01:48:10,Tower Hamlets,2021-10-01,T00:00:00.000Z,2021-10-01T00:00:00.000Z,3169000,After
TH,2021-11-01,2,00:48:24,01:47:53,Tower Hamlets,2021-11-01,T00:00:00.000Z,2021-11-01T00:00:00.000Z,2904000,After
TH,2021-12-01,2,00:59:22,02:10:27,Tower Hamlets,2021-12-01,T00:00:00.000Z,2021-12-01T00:00:00.000Z,3562000,After-6-month
TH,2022-01-01,2,00:36:25,01:20:51,Tower Hamlets,2022-01-01,T00:00:00.000Z,2022-01-01T00:00:00.000Z,2185000,After-6-month
TH,2022-02-01,2,00:36:44,01:17:35,Tower Hamlets,2022-02-01,T00:00:00.000Z,2022-02-01T00:00:00.000Z,2204000,After-6-month
TH,2022-03-01,2,00:52:46,01:54:46,Tower Hamlets,2022-03-01,T00:00:00.000Z,2022-03-01T00:00:00.000Z,3166000,After-6-month
TH,2022-04-01,2,00:40:50,01:38:14,Tower Hamlets,2022-04-01,T00:00:00.000Z,2022-04-01T00:00:00.000Z,2450000,After-6-month
TH,2022-05-01,2,00:42:29,01:35:20,Tower Hamlets,2022-05-01,T00:00:00.000Z,2022-05-01T00:00:00.000Z,2549000,After-6-month
TH,2022-06-01,2,00:56:53,02:03:03,Tower Hamlets,2022-06-01,T00:00:00.000Z,2022-06-01T00:00:00.000Z,3413000,After
TH,2022-07-01,2,01:01:13,02:15:01,Tower Hamlets,2022-07-01,T00:00:00.000Z,2022-07-01T00:00:00.000Z,73000,After
TH,2022-08-01,2,00:38:11,01:29:53,Tower Hamlets,2022-08-01,T00:00:00.000Z,2022-08-01T00:00:00.000Z,2291000,After
TH,2022-09-01,2,00:45:31,01:44:31,Tower Hamlets,2022-09-01,T00:00:00.000Z,2022-09-01T00:00:00.000Z,2731000,After
TH,2022-12-01,2,01:20:21,03:08:16,Tower Hamlets,2022-12-01,T00:00:00.000Z,2022-12-01T00:00:00.000Z,1221000,After
TH,2023-01-01,2,00:31:03,01:11:56,Tower Hamlets,2023-01-01,T00:00:00.000Z,2023-01-01T00:00:00.000Z,1863000,After
TH,2023-02-01,2,00:38:20,01:23:43,Tower Hamlets,2023-02-01,T00:00:00.000Z,2023-02-01T00:00:00.000Z,2300000,After
TH,2023-03-01,2,00:46:50,01:40:40,Tower Hamlets,2023-03-01,T00:00:00.000Z,2023-03-01T00:00:00.000Z,2810000,After
TH,2023-04-01,2,00:37:42,01:29:59,Tower Hamlets,2023-04-01,T00:00:00.000Z,2023-04-01T00:00:00.000Z,2262000,After
TH,2023-05-01,2,00:47:08,01:46:57,Tower Hamlets,2023-05-01,T00:00:00.000Z,2023-05-01T00:00:00.000Z,2828000,After
TH,2023-06-01,2,00:58:54,02:16:16,Tower Hamlets,2023-06-01,T00:00:00.000Z,2023-06-01T00:00:00.000Z,3534000,After
TH,2023-07-01,2,00:35:23,01:19:23,Tower Hamlets,2023-07-01,T00:00:00.000Z,2023-07-01T00:00:00.000Z,2123000,After
TH,2023-08-01,2,00:40:40,01:33:24,Tower Hamlets,2023-08-01,T00:00:00.000Z,2023-08-01T00:00:00.000Z,2440000,After
TH,2023-09-01,2,00:45:26,01:45:11,Tower Hamlets,2023-09-01,T00:00:00.000Z,2023-09-01T00:00:00.000Z,2726000,After
TH,2023-10-01,2,00:44:47,01:39:01,Tower Hamlets,2023-10-01,T00:00:00.000Z,2023-10-01T00:00:00.000Z,2687000,After
TH,2023-11-01,2,00:46:15,01:41:09,Tower Hamlets,2023-11-01,T00:00:00.000Z,2023-11-01T00:00:00.000Z,2775000,After
TH,2023-12-01,2,00:57:41,02:13:27,Tower Hamlets,2023-12-01,T00:00:00.000Z,2023-12-01T00:00:00.000Z,3461000,After
TH,2024-01-01,2,00:44:44,01:38:02,Tower Hamlets,2024-01-01,T00:00:00.000Z,2024-01-01T00:00:00.000Z,2684000,After
TH,2024-02-01,2,00:44:41,01:36:34,Tower Hamlets,2024-02-01,T00:00:00.000Z,2024-02-01T00:00:00.000Z,2681000,After
TH,2024-03-01,2,00:44:19,01:36:33,Tower Hamlets,2024-03-01,T00:00:00.000Z,2024-03-01T00:00:00.000Z,2659000,After
TH,2024-04-01,2,00:44:08,01:34:59,Tower Hamlets,2024-04-01,T00:00:00.000Z,2024-04-01T00:00:00.000Z,2648000,After
TH,2024-05-01,2,00:46:41,01:44:07,Tower Hamlets,2024-05-01,T00:00:00.000Z,2024-05-01T00:00:00.000Z,2801000,After
E2,2019-06-01,1,0:05:55,0:10:17,E2 postcode district,2019-06-01,T00:00:00.000Z,2019-06-01T00:00:00.000Z,355000,Before
E2,2019-07-01,1,0:05:03,0:08:16,E2 postcode district,2019-07-01,T00:00:00.000Z,2019-07-01T00:00:00.000Z,303000,Before
E2,2019-08-01,1,0:05:25,0:08:27,E2 postcode district,2019-08-01,T00:00:00.000Z,2019-08-01T00:00:00.000Z,325000,Before
E2,2019-09-01,1,0:04:52,0:08:19,E2 postcode district,2019-09-01,T00:00:00.000Z,2019-09-01T00:00:00.000Z,292000,Before
E2,2019-10-01,1,0:06:20,0:11:24,E2 postcode district,2019-10-01,T00:00:00.000Z,2019-10-01T00:00:00.000Z,380000,Before
E2,2019-11-01,1,0:05:08,0:08:55,E2 postcode district,2019-11-01,T00:00:00.000Z,2019-11-01T00:00:00.000Z,308000,Before
E2,2019-12-01,1,0:06:30,0:10:41,E2 postcode district,2019-12-01,T00:00:00.000Z,2019-12-01T00:00:00.000Z,390000,Before-6-month
E2,2020-01-01,1,0:05:33,0:10:10,E2 postcode district,2020-01-01,T00:00:00.000Z,2020-01-01T00:00:00.000Z,333000,Before-6-month
E2,2020-02-01,1,0:05:25,0:08:14,E2 postcode district,2020-02-01,T00:00:00.000Z,2020-02-01T00:00:00.000Z,325000,Before-6-month
E2,2020-03-01,1,0:08:49,0:17:38,E2 postcode district,2020-03-01,T00:00:00.000Z,2020-03-01T00:00:00.000Z,529000,Before-6-month
E2,2020-04-01,1,0:06:11,0:11:53,E2 postcode district,2020-04-01,T00:00:00.000Z,2020-04-01T00:00:00.000Z,371000,Before-6-month
E2,2020-05-01,1,0:04:53,0:07:43,E2 postcode district,2020-05-01,T00:00:00.000Z,2020-05-01T00:00:00.000Z,293000,Before-6-month
E2,2020-06-01,1,0:04:28,0:07:12,E2 postcode district,2020-06-01,T00:00:00.000Z,2020-06-01T00:00:00.000Z,268000,Before
E2,2020-07-01,1,0:05:03,0:07:57,E2 postcode district,2020-07-01,T00:00:00.000Z,2020-07-01T00:00:00.000Z,303000,After
E2,2020-08-01,1,0:04:50,0:07:52,E2 postcode district,2020-08-01,T00:00:00.000Z,2020-08-01T00:00:00.000Z,290000,After
E2,2020-09-01,1,0:04:44,0:07:55,E2 postcode district,2020-09-01,T00:00:00.000Z,2020-09-01T00:00:00.000Z,284000,After
E2,2020-10-01,1,0:04:15,0:06:24,E2 postcode district,2020-10-01,T00:00:00.000Z,2020-10-01T00:00:00.000Z,255000,After
E2,2020-11-01,1,0:04:28,0:06:55,E2 postcode district,2020-11-01,T00:00:00.000Z,2020-11-01T00:00:00.000Z,268000,After
E2,2020-12-01,1,0:05:11,0:08:33,E2 postcode district,2020-12-01,T00:00:00.000Z,2020-12-01T00:00:00.000Z,311000,After
E2,2021-01-01,1,0:05:14,0:08:07,E2 postcode district,2021-01-01,T00:00:00.000Z,2021-01-01T00:00:00.000Z,314000,After
E2,2021-02-01,1,0:03:49,0:06:18,E2 postcode district,2021-02-01,T00:00:00.000Z,2021-02-01T00:00:00.000Z,229000,After
E2,2021-03-01,1,0:04:19,0:06:53,E2 postcode district,2021-03-01,T00:00:00.000Z,2021-03-01T00:00:00.000Z,259000,After
E2,2021-04-01,1,0:05:11,0:07:54,E2 postcode district,2021-04-01,T00:00:00.000Z,2021-04-01T00:00:00.000Z,311000,After
E2,2021-05-01,1,0:04:42,0:08:06,E2 postcode district,2021-05-01,T00:00:00.000Z,2021-05-01T00:00:00.000Z,282000,After
E2,2021-06-01,1,0:05:29,0:09:35,E2 postcode district,2021-06-01,T00:00:00.000Z,2021-06-01T00:00:00.000Z,329000,After
E2,2021-07-01,1,0:06:13,0:11:27,E2 postcode district,2021-07-01,T00:00:00.000Z,2021-07-01T00:00:00.000Z,373000,After
E2,2021-08-01,1,0:05:52,0:09:37,E2 postcode district,2021-08-01,T00:00:00.000Z,2021-08-01T00:00:00.000Z,352000,After
E2,2021-09-01,1,0:05:43,0:08:36,E2 postcode district,2021-09-01,T00:00:00.000Z,2021-09-01T00:00:00.000Z,343000,After
E2,2021-10-01,1,0:07:09,0:11:40,E2 postcode district,2021-10-01,T00:00:00.000Z,2021-10-01T00:00:00.000Z,429000,After
E2,2021-11-01,1,0:06:37,0:09:31,E2 postcode district,2021-11-01,T00:00:00.000Z,2021-11-01T00:00:00.000Z,397000,After
E2,2021-12-01,1,0:06:06,0:11:13,E2 postcode district,2021-12-01,T00:00:00.000Z,2021-12-01T00:00:00.000Z,366000,After-6-month
E2,2022-01-01,1,0:05:49,0:09:31,E2 postcode district,2022-01-01,T00:00:00.000Z,2022-01-01T00:00:00.000Z,349000,After-6-month
E2,2022-02-01,1,0:05:24,0:09:42,E2 postcode district,2022-02-01,T00:00:00.000Z,2022-02-01T00:00:00.000Z,324000,After-6-month
E2,2022-03-01,1,0:06:31,0:11:25,E2 postcode district,2022-03-01,T00:00:00.000Z,2022-03-01T00:00:00.000Z,391000,After-6-month
E2,2022-04-01,1,0:05:09,0:08:26,E2 postcode district,2022-04-01,T00:00:00.000Z,2022-04-01T00:00:00.000Z,309000,After-6-month
E2,2022-05-01,1,0:06:00,0:11:16,E2 postcode district,2022-05-01,T00:00:00.000Z,2022-05-01T00:00:00.000Z,360000,After-6-month
E2,2022-06-01,1,0:08:01,0:10:00,E2 postcode district,2022-06-01,T00:00:00.000Z,2022-06-01T00:00:00.000Z,481000,After
E2,2022-07-01,1,0:07:28,0:12:03,E2 postcode district,2022-07-01,T00:00:00.000Z,2022-07-01T00:00:00.000Z,448000,After
E2,2022-08-01,1,0:05:00,0:08:41,E2 postcode district,2022-08-01,T00:00:00.000Z,2022-08-01T00:00:00.000Z,300000,After
E2,2022-09-01,1,0:05:22,0:08:32,E2 postcode district,2022-09-01,T00:00:00.000Z,2022-09-01T00:00:00.000Z,322000,After
E2,2022-12-01,1,0:09:23,0:14:36,E2 postcode district,2022-12-01,T00:00:00.000Z,2022-12-01T00:00:00.000Z,563000,After
E2,2023-01-01,1,0:07:00,0:12:19,E2 postcode district,2023-01-01,T00:00:00.000Z,2023-01-01T00:00:00.000Z,420000,After
E2,2023-02-01,1,0:06:11,0:10:08,E2 postcode district,2023-02-01,T00:00:00.000Z,2023-02-01T00:00:00.000Z,371000,After
E2,2023-03-01,1,0:07:24,0:13:01,E2 postcode district,2023-03-01,T00:00:00.000Z,2023-03-01T00:00:00.000Z,444000,After
E2,2023-04-01,1,0:05:53,0:10:42,E2 postcode district,2023-04-01,T00:00:00.000Z,2023-04-01T00:00:00.000Z,353000,After
E2,2023-05-01,1,0:06:38,0:10:44,E2 postcode district,2023-05-01,T00:00:00.000Z,2023-05-01T00:00:00.000Z,398000,After
E2,2023-06-01,1,0:07:20,0:14:28,E2 postcode district,2023-06-01,T00:00:00.000Z,2023-06-01T00:00:00.000Z,440000,After
E2,2023-07-01,1,0:06:38,0:10:44,E2 postcode district,2023-07-01,T00:00:00.000Z,2023-07-01T00:00:00.000Z,398000,After
E2,2023-08-01,1,0:06:10,0:09:26,E2 postcode district,2023-08-01,T00:00:00.000Z,2023-08-01T00:00:00.000Z,370000,After
E2,2023-09-01,1,0:07:04,0:11:40,E2 postcode district,2023-09-01,T00:00:00.000Z,2023-09-01T00:00:00.000Z,424000,After
E2,2023-10-01,1,0:06:45,0:11:11,E2 postcode district,2023-10-01,T00:00:00.000Z,2023-10-01T00:00:00.000Z,405000,After
E2,2023-11-01,1,0:07:19,0:11:36,E2 postcode district,2023-11-01,T00:00:00.000Z,2023-11-01T00:00:00.000Z,439000,After
E2,2023-12-01,1,0:06:19,0:11:48,E2 postcode district,2023-12-01,T00:00:00.000Z,2023-12-01T00:00:00.000Z,379000,After
E2,2024-01-01,1,0:06:15,0:11:04,E2 postcode district,2024-01-01,T00:00:00.000Z,2024-01-01T00:00:00.000Z,375000,After
E2,2024-02-01,1,0:06:24,0:11:25,E2 postcode district,2024-02-01,T00:00:00.000Z,2024-02-01T00:00:00.000Z,384000,After
E2,2024-03-01,1,0:06:27,0:11:17,E2 postcode district,2024-03-01,T00:00:00.000Z,2024-03-01T00:00:00.000Z,387000,After
E2,2024-04-01,1,0:06:06,0:10:49,E2 postcode district,2024-04-01,T00:00:00.000Z,2024-04-01T00:00:00.000Z,366000,After
E2,2024-05-01,1,0:05:40,0:08:32,E2 postcode district,2024-05-01,T00:00:00.000Z,2024-05-01T00:00:00.000Z,340000,After
E2,2019-06-01,2,0:17:46,0:35:51,E2 postcode district,2019-06-01,T00:00:00.000Z,2019-06-01T00:00:00.000Z,1066000,Before
E2,2019-07-01,2,0:18:02,0:35:26,E2 postcode district,2019-07-01,T00:00:00.000Z,2019-07-01T00:00:00.000Z,1082000,Before
E2,2019-08-01,2,0:14:47,0:29:28,E2 postcode district,2019-08-01,T00:00:00.000Z,2019-08-01T00:00:00.000Z,887000,Before
E2,2019-09-01,2,0:13:52,0:27:32,E2 postcode district,2019-09-01,T00:00:00.000Z,2019-09-01T00:00:00.000Z,832000,Before
E2,2019-10-01,2,0:16:51,0:36:58,E2 postcode district,2019-10-01,T00:00:00.000Z,2019-10-01T00:00:00.000Z,1011000,Before
E2,2019-11-01,2,0:18:18,0:39:18,E2 postcode district,2019-11-01,T00:00:00.000Z,2019-11-01T00:00:00.000Z,1098000,Before
E2,2019-12-01,2,0:21:49,0:48:41,E2 postcode district,2019-12-01,T00:00:00.000Z,2019-12-01T00:00:00.000Z,1309000,Before-6-month
E2,2020-01-01,2,0:15:03,0:31:20,E2 postcode district,2020-01-01,T00:00:00.000Z,2020-01-01T00:00:00.000Z,903000,Before-6-month
E2,2020-02-01,2,0:19:49,0:43:35,E2 postcode district,2020-02-01,T00:00:00.000Z,2020-02-01T00:00:00.000Z,1189000,Before-6-month
E2,2020-03-01,2,0:39:04,1:33:07,E2 postcode district,2020-03-01,T00:00:00.000Z,2020-03-01T00:00:00.000Z,2344000,Before-6-month
E2,2020-04-01,2,0:16:54,0:43:20,E2 postcode district,2020-04-01,T00:00:00.000Z,2020-04-01T00:00:00.000Z,1014000,Before-6-month
E2,2020-05-01,2,0:06:30,0:10:41,E2 postcode district,2020-05-01,T00:00:00.000Z,2020-05-01T00:00:00.000Z,390000,Before-6-month
E2,2020-06-01,2,0:07:41,0:11:47,E2 postcode district,2020-06-01,T00:00:00.000Z,2020-06-01T00:00:00.000Z,461000,Before
E2,2020-07-01,2,0:08:17,0:15:37,E2 postcode district,2020-07-01,T00:00:00.000Z,2020-07-01T00:00:00.000Z,497000,After
E2,2020-08-01,2,0:12:08,0:24:17,E2 postcode district,2020-08-01,T00:00:00.000Z,2020-08-01T00:00:00.000Z,728000,After
E2,2020-09-01,2,0:13:32,0:28:27,E2 postcode district,2020-09-01,T00:00:00.000Z,2020-09-01T00:00:00.000Z,812000,After
E2,2020-10-01,2,0:12:29,0:24:49,E2 postcode district,2020-10-01,T00:00:00.000Z,2020-10-01T00:00:00.000Z,749000,After
E2,2020-11-01,2,0:12:49,0:25:18,E2 postcode district,2020-11-01,T00:00:00.000Z,2020-11-01T00:00:00.000Z,769000,After
E2,2020-12-01,2,0:48:35,2:07:06,E2 postcode district,2020-12-01,T00:00:00.000Z,2020-12-01T00:00:00.000Z,2915000,After
E2,2021-01-01,2,0:38:03,1:41:28,E2 postcode district,2021-01-01,T00:00:00.000Z,2021-01-01T00:00:00.000Z,2283000,After
E2,2021-02-01,2,0:09:59,0:17:08,E2 postcode district,2021-02-01,T00:00:00.000Z,2021-02-01T00:00:00.000Z,599000,After
E2,2021-03-01,2,0:10:26,0:20:17,E2 postcode district,2021-03-01,T00:00:00.000Z,2021-03-01T00:00:00.000Z,626000,After
E2,2021-04-01,2,0:15:25,0:34:29,E2 postcode district,2021-04-01,T00:00:00.000Z,2021-04-01T00:00:00.000Z,925000,After
E2,2021-05-01,2,0:18:41,0:39:33,E2 postcode district,2021-05-01,T00:00:00.000Z,2021-05-01T00:00:00.000Z,1121000,After
E2,2021-06-01,2,0:26:09,0:58:09,E2 postcode district,2021-06-01,T00:00:00.000Z,2021-06-01T00:00:00.000Z,1569000,After
E2,2021-07-01,2,0:43:05,1:38:32,E2 postcode district,2021-07-01,T00:00:00.000Z,2021-07-01T00:00:00.000Z,2585000,After
E2,2021-08-01,2,0:39:13,1:27:10,E2 postcode district,2021-08-01,T00:00:00.000Z,2021-08-01T00:00:00.000Z,2353000,After
E2,2021-09-01,2,0:44:10,1:44:21,E2 postcode district,2021-09-01,T00:00:00.000Z,2021-09-01T00:00:00.000Z,2650000,After
E2,2021-10-01,2,0:49:59,1:37:30,E2 postcode district,2021-10-01,T00:00:00.000Z,2021-10-01T00:00:00.000Z,2999000,After
E2,2021-11-01,2,0:43:55,1:36:54,E2 postcode district,2021-11-01,T00:00:00.000Z,2021-11-01T00:00:00.000Z,2635000,After
E2,2021-12-01,2,0:56:48,2:08:14,E2 postcode district,2021-12-01,T00:00:00.000Z,2021-12-01T00:00:00.000Z,3408000,After-6-month
E2,2022-01-01,2,0:30:21,1:09:30,E2 postcode district,2022-01-01,T00:00:00.000Z,2022-01-01T00:00:00.000Z,1821000,After-6-month
E2,2022-02-01,2,0:31:58,1:11:23,E2 postcode district,2022-02-01,T00:00:00.000Z,2022-02-01T00:00:00.000Z,1918000,After-6-month
E2,2022-03-01,2,0:48:15,1:47:32,E2 postcode district,2022-03-01,T00:00:00.000Z,2022-03-01T00:00:00.000Z,2895000,After-6-month
E2,2022-04-01,2,0:37:25,1:31:06,E2 postcode district,2022-04-01,T00:00:00.000Z,2022-04-01T00:00:00.000Z,2245000,After-6-month
E2,2022-05-01,2,0:40:28,1:32:44,E2 postcode district,2022-05-01,T00:00:00.000Z,2022-05-01T00:00:00.000Z,2428000,After-6-month
E2,2022-06-01,2,0:56:36,2:05:42,E2 postcode district,2022-06-01,T00:00:00.000Z,2022-06-01T00:00:00.000Z,3396000,After
E2,2022-07-01,2,1:01:12,2:10:53,E2 postcode district,2022-07-01,T00:00:00.000Z,2022-07-01T00:00:00.000Z,72000,After
E2,2022-08-01,2,0:35:59,1:27:23,E2 postcode district,2022-08-01,T00:00:00.000Z,2022-08-01T00:00:00.000Z,2159000,After
E2,2022-09-01,2,0:42:16,1:47:02,E2 postcode district,2022-09-01,T00:00:00.000Z,2022-09-01T00:00:00.000Z,2536000,After
E2,2022-12-01,2,1:11:46,2:47:36,E2 postcode district,2022-12-01,T00:00:00.000Z,2022-12-01T00:00:00.000Z,706000,After
E2,2023-01-01,2,0:28:37,1:09:05,E2 postcode district,2023-01-01,T00:00:00.000Z,2023-01-01T00:00:00.000Z,1717000,After
E2,2023-02-01,2,0:35:30,1:16:11,E2 postcode district,2023-02-01,T00:00:00.000Z,2023-02-01T00:00:00.000Z,2130000,After
E2,2023-03-01,2,0:44:37,1:39:08,E2 postcode district,2023-03-01,T00:00:00.000Z,2023-03-01T00:00:00.000Z,2677000,After
E2,2023-04-01,2,0:37:16,1:30:02,E2 postcode district,2023-04-01,T00:00:00.000Z,2023-04-01T00:00:00.000Z,2236000,After
E2,2023-05-01,2,0:45:17,1:46:08,E2 postcode district,2023-05-01,T00:00:00.000Z,2023-05-01T00:00:00.000Z,2717000,After
E2,2023-06-01,2,1:02:12,2:34:03,E2 postcode district,2023-06-01,T00:00:00.000Z,2023-06-01T00:00:00.000Z,132000,After
E2,2023-07-01,2,0:32:33,1:14:52,E2 postcode district,2023-07-01,T00:00:00.000Z,2023-07-01T00:00:00.000Z,1953000,After
E2,2023-08-01,2,0:40:00,1:23:05,E2 postcode district,2023-08-01,T00:00:00.000Z,2023-08-01T00:00:00.000Z,2400000,After
E2,2023-09-01,2,0:42:46,1:40:24,E2 postcode district,2023-09-01,T00:00:00.000Z,2023-09-01T00:00:00.000Z,2566000,After
E2,2023-10-01,2,0:46:38,1:44:51,E2 postcode district,2023-10-01,T00:00:00.000Z,2023-10-01T00:00:00.000Z,2798000,After
E2,2023-11-01,2,0:45:11,1:47:18,E2 postcode district,2023-11-01,T00:00:00.000Z,2023-11-01T00:00:00.000Z,2711000,After
E2,2023-12-01,2,0:54:45,2:00:25,E2 postcode district,2023-12-01,T00:00:00.000Z,2023-12-01T00:00:00.000Z,3285000,After
E2,2024-01-01,2,0:44:16,1:35:45,E2 postcode district,2024-01-01,T00:00:00.000Z,2024-01-01T00:00:00.000Z,2656000,After
E2,2024-02-01,2,0:43:48,1:32:35,E2 postcode district,2024-02-01,T00:00:00.000Z,2024-02-01T00:00:00.000Z,2628000,After
E2,2024-03-01,2,0:43:03,1:35:04,E2 postcode district,2024-03-01,T00:00:00.000Z,2024-03-01T00:00:00.000Z,2583000,After
E2,2024-04-01,2,0:38:58,1:22:48,E2 postcode district,2024-04-01,T00:00:00.000Z,2024-04-01T00:00:00.000Z,2338000,After
E2,2024-05-01,2,0:42:28,1:38:33,E2 postcode district,2024-05-01,T00:00:00.000Z,2024-05-01T00:00:00.000Z,2548000,After
E2 7,2019-06-01,1,0:06:07,0:10:08,E2 LTN areas,2019-06-01,T00:00:00.000Z,2019-06-01T00:00:00.000Z,367000,Before
E2 0,2019-06-01,1,0:05:37,0:08:23,E2 LTN areas,2019-06-01,T00:00:00.000Z,2019-06-01T00:00:00.000Z,337000,Before
E2 6,2019-06-01,1,0:06:00,0:11:26,E2 LTN areas,2019-06-01,T00:00:00.000Z,2019-06-01T00:00:00.000Z,360000,Before
E2 9,2019-06-01,1,0:06:35,0:09:49,E2 LTN areas,2019-06-01,T00:00:00.000Z,2019-06-01T00:00:00.000Z,395000,Before
E2 7,2019-07-01,1,0:04:57,0:08:26,E2 LTN areas,2019-07-01,T00:00:00.000Z,2019-07-01T00:00:00.000Z,297000,Before
E2 0,2019-07-01,1,0:05:20,0:07:26,E2 LTN areas,2019-07-01,T00:00:00.000Z,2019-07-01T00:00:00.000Z,320000,Before
E2 9,2019-07-01,1,0:04:39,0:07:34,E2 LTN areas,2019-07-01,T00:00:00.000Z,2019-07-01T00:00:00.000Z,279000,Before
E2 6,2019-07-01,1,0:05:50,0:09:48,E2 LTN areas,2019-07-01,T00:00:00.000Z,2019-07-01T00:00:00.000Z,350000,Before
E2 9,2019-08-01,1,0:05:56,0:08:00,E2 LTN areas,2019-08-01,T00:00:00.000Z,2019-08-01T00:00:00.000Z,356000,Before
E2 0,2019-08-01,1,0:04:58,0:06:55,E2 LTN areas,2019-08-01,T00:00:00.000Z,2019-08-01T00:00:00.000Z,298000,Before
E2 7,2019-08-01,1,0:04:40,0:07:18,E2 LTN areas,2019-08-01,T00:00:00.000Z,2019-08-01T00:00:00.000Z,280000,Before
E2 6,2019-08-01,1,0:06:10,0:10:04,E2 LTN areas,2019-08-01,T00:00:00.000Z,2019-08-01T00:00:00.000Z,370000,Before
E2 7,2019-09-01,1,0:04:26,0:06:36,E2 LTN areas,2019-09-01,T00:00:00.000Z,2019-09-01T00:00:00.000Z,266000,Before
E2 6,2019-09-01,1,0:04:04,0:07:44,E2 LTN areas,2019-09-01,T00:00:00.000Z,2019-09-01T00:00:00.000Z,244000,Before
E2 9,2019-09-01,1,0:05:02,0:08:10,E2 LTN areas,2019-09-01,T00:00:00.000Z,2019-09-01T00:00:00.000Z,302000,Before
E2 0,2019-09-01,1,0:05:53,0:09:39,E2 LTN areas,2019-09-01,T00:00:00.000Z,2019-09-01T00:00:00.000Z,353000,Before
E2 7,2019-10-01,1,0:07:09,0:15:47,E2 LTN areas,2019-10-01,T00:00:00.000Z,2019-10-01T00:00:00.000Z,429000,Before
E2 6,2019-10-01,1,0:05:39,0:08:10,E2 LTN areas,2019-10-01,T00:00:00.000Z,2019-10-01T00:00:00.000Z,339000,Before
E2 0,2019-10-01,1,0:05:05,0:07:27,E2 LTN areas,2019-10-01,T00:00:00.000Z,2019-10-01T00:00:00.000Z,305000,Before
E2 9,2019-10-01,1,0:08:15,0:11:27,E2 LTN areas,2019-10-01,T00:00:00.000Z,2019-10-01T00:00:00.000Z,495000,Before
E2 7,2019-11-01,1,0:05:00,0:08:08,E2 LTN areas,2019-11-01,T00:00:00.000Z,2019-11-01T00:00:00.000Z,300000,Before
E2 0,2019-11-01,1,0:05:22,0:06:54,E2 LTN areas,2019-11-01,T00:00:00.000Z,2019-11-01T00:00:00.000Z,322000,Before
E2 9,2019-11-01,1,0:05:39,0:09:36,E2 LTN areas,2019-11-01,T00:00:00.000Z,2019-11-01T00:00:00.000Z,339000,Before
E2 6,2019-11-01,1,0:04:34,0:07:10,E2 LTN areas,2019-11-01,T00:00:00.000Z,2019-11-01T00:00:00.000Z,274000,Before
E2 6,2019-12-01,1,0:05:39,0:08:55,E2 LTN areas,2019-12-01,T00:00:00.000Z,2019-12-01T00:00:00.000Z,339000,Before-6-month
E2 0,2019-12-01,1,0:06:08,0:08:43,E2 LTN areas,2019-12-01,T00:00:00.000Z,2019-12-01T00:00:00.000Z,368000,Before-6-month
E2 7,2019-12-01,1,0:06:57,0:12:21,E2 LTN areas,2019-12-01,T00:00:00.000Z,2019-12-01T00:00:00.000Z,417000,Before-6-month
E2 9,2019-12-01,1,0:06:01,0:08:24,E2 LTN areas,2019-12-01,T00:00:00.000Z,2019-12-01T00:00:00.000Z,361000,Before-6-month
E2 9,2020-01-01,1,0:05:31,0:08:39,E2 LTN areas,2020-01-01,T00:00:00.000Z,2020-01-01T00:00:00.000Z,331000,Before-6-month
E2 6,2020-01-01,1,0:05:45,0:10:14,E2 LTN areas,2020-01-01,T00:00:00.000Z,2020-01-01T00:00:00.000Z,345000,Before-6-month
E2 0,2020-01-01,1,0:05:58,0:09:29,E2 LTN areas,2020-01-01,T00:00:00.000Z,2020-01-01T00:00:00.000Z,358000,Before-6-month
E2 7,2020-01-01,1,0:05:08,0:08:09,E2 LTN areas,2020-01-01,T00:00:00.000Z,2020-01-01T00:00:00.000Z,308000,Before-6-month
E2 7,2020-02-01,1,0:05:20,0:08:03,E2 LTN areas,2020-02-01,T00:00:00.000Z,2020-02-01T00:00:00.000Z,320000,Before-6-month
E2 9,2020-02-01,1,0:06:23,0:08:13,E2 LTN areas,2020-02-01,T00:00:00.000Z,2020-02-01T00:00:00.000Z,383000,Before-6-month
E2 0,2020-02-01,1,0:04:56,0:08:16,E2 LTN areas,2020-02-01,T00:00:00.000Z,2020-02-01T00:00:00.000Z,296000,Before-6-month
E2 6,2020-02-01,1,0:05:30,0:06:45,E2 LTN areas,2020-02-01,T00:00:00.000Z,2020-02-01T00:00:00.000Z,330000,Before-6-month
E2 9,2020-03-01,1,0:07:23,0:07:52,E2 LTN areas,2020-03-01,T00:00:00.000Z,2020-03-01T00:00:00.000Z,443000,Before-6-month
E2 6,2020-03-01,1,0:08:18,0:17:02,E2 LTN areas,2020-03-01,T00:00:00.000Z,2020-03-01T00:00:00.000Z,498000,Before-6-month
E2 7,2020-03-01,1,0:14:00,0:28:00,E2 LTN areas,2020-03-01,T00:00:00.000Z,2020-03-01T00:00:00.000Z,840000,Before-6-month
E2 0,2020-03-01,1,0:07:24,0:12:43,E2 LTN areas,2020-03-01,T00:00:00.000Z,2020-03-01T00:00:00.000Z,444000,Before-6-month
E2 6,2020-04-01,1,0:04:44,0:07:09,E2 LTN areas,2020-04-01,T00:00:00.000Z,2020-04-01T00:00:00.000Z,284000,Before-6-month
E2 0,2020-04-01,1,0:06:30,0:11:21,E2 LTN areas,2020-04-01,T00:00:00.000Z,2020-04-01T00:00:00.000Z,390000,Before-6-month
E2 9,2020-04-01,1,0:07:23,0:10:21,E2 LTN areas,2020-04-01,T00:00:00.000Z,2020-04-01T00:00:00.000Z,443000,Before-6-month
E2 7,2020-04-01,1,0:08:36,0:13:30,E2 LTN areas,2020-04-01,T00:00:00.000Z,2020-04-01T00:00:00.000Z,516000,Before-6-month
E2 7,2020-05-01,1,0:03:23,0:06:49,E2 LTN areas,2020-05-01,T00:00:00.000Z,2020-05-01T00:00:00.000Z,203000,Before-6-month
E2 6,2020-05-01,1,0:05:39,0:08:35,E2 LTN areas,2020-05-01,T00:00:00.000Z,2020-05-01T00:00:00.000Z,339000,Before-6-month
E2 0,2020-05-01,1,0:04:27,0:05:35,E2 LTN areas,2020-05-01,T00:00:00.000Z,2020-05-01T00:00:00.000Z,267000,Before-6-month
E2 9,2020-05-01,1,0:04:30,0:07:01,E2 LTN areas,2020-05-01,T00:00:00.000Z,2020-05-01T00:00:00.000Z,270000,Before-6-month
E2 0,2020-06-01,1,0:04:34,0:06:47,E2 LTN areas,2020-06-01,T00:00:00.000Z,2020-06-01T00:00:00.000Z,274000,Before
E2 6,2020-06-01,1,0:04:18,0:07:44,E2 LTN areas,2020-06-01,T00:00:00.000Z,2020-06-01T00:00:00.000Z,258000,Before
E2 7,2020-06-01,1,0:07:07,0:08:12,E2 LTN areas,2020-06-01,T00:00:00.000Z,2020-06-01T00:00:00.000Z,427000,Before
E2 9,2020-06-01,1,0:03:27,0:04:42,E2 LTN areas,2020-06-01,T00:00:00.000Z,2020-06-01T00:00:00.000Z,207000,Before
E2 9,2020-07-01,1,0:07:26,0:10:26,E2 LTN areas,2020-07-01,T00:00:00.000Z,2020-07-01T00:00:00.000Z,446000,After
E2 0,2020-07-01,1,0:04:52,0:06:17,E2 LTN areas,2020-07-01,T00:00:00.000Z,2020-07-01T00:00:00.000Z,292000,After
E2 7,2020-07-01,1,0:04:19,0:09:23,E2 LTN areas,2020-07-01,T00:00:00.000Z,2020-07-01T00:00:00.000Z,259000,After
E2 6,2020-07-01,1,0:04:18,0:06:12,E2 LTN areas,2020-07-01,T00:00:00.000Z,2020-07-01T00:00:00.000Z,258000,After
E2 0,2020-08-01,1,0:03:55,0:05:36,E2 LTN areas,2020-08-01,T00:00:00.000Z,2020-08-01T00:00:00.000Z,235000,After
E2 7,2020-08-01,1,0:05:43,0:09:18,E2 LTN areas,2020-08-01,T00:00:00.000Z,2020-08-01T00:00:00.000Z,343000,After
E2 6,2020-08-01,1,0:05:19,0:07:27,E2 LTN areas,2020-08-01,T00:00:00.000Z,2020-08-01T00:00:00.000Z,319000,After
E2 9,2020-08-01,1,0:04:15,0:06:11,E2 LTN areas,2020-08-01,T00:00:00.000Z,2020-08-01T00:00:00.000Z,255000,After
E2 6,2020-09-01,1,0:05:18,0:07:31,E2 LTN areas,2020-09-01,T00:00:00.000Z,2020-09-01T00:00:00.000Z,318000,After
E2 0,2020-09-01,1,0:04:02,0:07:03,E2 LTN areas,2020-09-01,T00:00:00.000Z,2020-09-01T00:00:00.000Z,242000,After
E2 7,2020-09-01,1,0:01:59,0:03:20,E2 LTN areas,2020-09-01,T00:00:00.000Z,2020-09-01T00:00:00.000Z,119000,After
E2 9,2020-09-01,1,0:04:21,0:05:31,E2 LTN areas,2020-09-01,T00:00:00.000Z,2020-09-01T00:00:00.000Z,261000,After
E2 6,2020-10-01,1,0:04:16,0:06:06,E2 LTN areas,2020-10-01,T00:00:00.000Z,2020-10-01T00:00:00.000Z,256000,After
E2 0,2020-10-01,1,0:03:15,0:04:52,E2 LTN areas,2020-10-01,T00:00:00.000Z,2020-10-01T00:00:00.000Z,195000,After
E2 9,2020-10-01,1,0:04:38,0:06:25,E2 LTN areas,2020-10-01,T00:00:00.000Z,2020-10-01T00:00:00.000Z,278000,After
E2 7,2020-10-01,1,0:04:11,0:06:01,E2 LTN areas,2020-10-01,T00:00:00.000Z,2020-10-01T00:00:00.000Z,251000,After
E2 0,2020-11-01,1,0:04:44,0:06:05,E2 LTN areas,2020-11-01,T00:00:00.000Z,2020-11-01T00:00:00.000Z,284000,After
E2 9,2020-11-01,1,0:04:01,0:06:27,E2 LTN areas,2020-11-01,T00:00:00.000Z,2020-11-01T00:00:00.000Z,241000,After
E2 6,2020-11-01,1,0:04:48,0:07:40,E2 LTN areas,2020-11-01,T00:00:00.000Z,2020-11-01T00:00:00.000Z,288000,After
E2 7,2020-11-01,1,0:03:26,0:05:13,E2 LTN areas,2020-11-01,T00:00:00.000Z,2020-11-01T00:00:00.000Z,206000,After
E2 0,2020-12-01,1,0:03:19,0:04:35,E2 LTN areas,2020-12-01,T00:00:00.000Z,2020-12-01T00:00:00.000Z,199000,After
E2 7,2020-12-01,1,0:04:29,0:07:45,E2 LTN areas,2020-12-01,T00:00:00.000Z,2020-12-01T00:00:00.000Z,269000,After
E2 6,2020-12-01,1,0:05:17,0:07:27,E2 LTN areas,2020-12-01,T00:00:00.000Z,2020-12-01T00:00:00.000Z,317000,After
E2 9,2020-12-01,1,0:06:38,0:13:01,E2 LTN areas,2020-12-01,T00:00:00.000Z,2020-12-01T00:00:00.000Z,398000,After
E2 0,2021-01-01,1,0:04:25,0:05:57,E2 LTN areas,2021-01-01,T00:00:00.000Z,2021-01-01T00:00:00.000Z,265000,After
E2 7,2021-01-01,1,0:05:26,0:09:48,E2 LTN areas,2021-01-01,T00:00:00.000Z,2021-01-01T00:00:00.000Z,326000,After
E2 6,2021-01-01,1,0:04:45,0:08:53,E2 LTN areas,2021-01-01,T00:00:00.000Z,2021-01-01T00:00:00.000Z,285000,After
E2 9,2021-01-01,1,0:06:49,0:07:37,E2 LTN areas,2021-01-01,T00:00:00.000Z,2021-01-01T00:00:00.000Z,409000,After
E2 6,2021-02-01,1,0:04:33,0:05:02,E2 LTN areas,2021-02-01,T00:00:00.000Z,2021-02-01T00:00:00.000Z,273000,After
E2 0,2021-02-01,1,0:03:03,0:06:07,E2 LTN areas,2021-02-01,T00:00:00.000Z,2021-02-01T00:00:00.000Z,183000,After
E2 7,2021-02-01,1,0:04:52,0:08:20,E2 LTN areas,2021-02-01,T00:00:00.000Z,2021-02-01T00:00:00.000Z,292000,After
E2 9,2021-02-01,1,0:03:18,0:04:18,E2 LTN areas,2021-02-01,T00:00:00.000Z,2021-02-01T00:00:00.000Z,198000,After
E2 6,2021-03-01,1,0:04:28,0:06:21,E2 LTN areas,2021-03-01,T00:00:00.000Z,2021-03-01T00:00:00.000Z,268000,After
E2 9,2021-03-01,1,0:03:49,0:06:24,E2 LTN areas,2021-03-01,T00:00:00.000Z,2021-03-01T00:00:00.000Z,229000,After
E2 0,2021-03-01,1,0:04:53,0:06:36,E2 LTN areas,2021-03-01,T00:00:00.000Z,2021-03-01T00:00:00.000Z,293000,After
E2 7,2021-03-01,1,0:05:01,0:06:53,E2 LTN areas,2021-03-01,T00:00:00.000Z,2021-03-01T00:00:00.000Z,301000,After
E2 9,2021-04-01,1,0:04:16,0:06:04,E2 LTN areas,2021-04-01,T00:00:00.000Z,2021-04-01T00:00:00.000Z,256000,After
E2 0,2021-04-01,1,0:06:10,0:08:00,E2 LTN areas,2021-04-01,T00:00:00.000Z,2021-04-01T00:00:00.000Z,370000,After
E2 6,2021-04-01,1,0:05:39,0:07:54,E2 LTN areas,2021-04-01,T00:00:00.000Z,2021-04-01T00:00:00.000Z,339000,After
E2 7,2021-04-01,1,0:02:46,0:04:52,E2 LTN areas,2021-04-01,T00:00:00.000Z,2021-04-01T00:00:00.000Z,166000,After
E2 0,2021-05-01,1,0:04:18,0:06:42,E2 LTN areas,2021-05-01,T00:00:00.000Z,2021-05-01T00:00:00.000Z,258000,After
E2 9,2021-05-01,1,0:04:55,0:07:40,E2 LTN areas,2021-05-01,T00:00:00.000Z,2021-05-01T00:00:00.000Z,295000,After
E2 7,2021-05-01,1,0:05:40,0:09:36,E2 LTN areas,2021-05-01,T00:00:00.000Z,2021-05-01T00:00:00.000Z,340000,After
E2 6,2021-05-01,1,0:04:39,0:06:09,E2 LTN areas,2021-05-01,T00:00:00.000Z,2021-05-01T00:00:00.000Z,279000,After
E2 9,2021-06-01,1,0:04:24,0:09:00,E2 LTN areas,2021-06-01,T00:00:00.000Z,2021-06-01T00:00:00.000Z,264000,After
E2 6,2021-06-01,1,0:05:54,0:09:36,E2 LTN areas,2021-06-01,T00:00:00.000Z,2021-06-01T00:00:00.000Z,354000,After
E2 0,2021-06-01,1,0:06:02,0:10:21,E2 LTN areas,2021-06-01,T00:00:00.000Z,2021-06-01T00:00:00.000Z,362000,After
E2 7,2021-06-01,1,0:04:49,0:07:52,E2 LTN areas,2021-06-01,T00:00:00.000Z,2021-06-01T00:00:00.000Z,289000,After
E2 0,2021-07-01,1,0:07:00,0:11:42,E2 LTN areas,2021-07-01,T00:00:00.000Z,2021-07-01T00:00:00.000Z,420000,After
E2 9,2021-07-01,1,0:05:04,0:07:57,E2 LTN areas,2021-07-01,T00:00:00.000Z,2021-07-01T00:00:00.000Z,304000,After
E2 6,2021-07-01,1,0:06:27,0:10:52,E2 LTN areas,2021-07-01,T00:00:00.000Z,2021-07-01T00:00:00.000Z,387000,After
E2 7,2021-07-01,1,0:06:31,0:13:07,E2 LTN areas,2021-07-01,T00:00:00.000Z,2021-07-01T00:00:00.000Z,391000,After
E2 0,2021-08-01,1,0:04:24,0:06:18,E2 LTN areas,2021-08-01,T00:00:00.000Z,2021-08-01T00:00:00.000Z,264000,After
E2 9,2021-08-01,1,0:06:19,0:09:58,E2 LTN areas,2021-08-01,T00:00:00.000Z,2021-08-01T00:00:00.000Z,379000,After
E2 6,2021-08-01,1,0:05:05,0:07:11,E2 LTN areas,2021-08-01,T00:00:00.000Z,2021-08-01T00:00:00.000Z,305000,After
E2 7,2021-08-01,1,0:06:59,0:10:04,E2 LTN areas,2021-08-01,T00:00:00.000Z,2021-08-01T00:00:00.000Z,419000,After
E2 0,2021-09-01,1,0:04:38,0:07:15,E2 LTN areas,2021-09-01,T00:00:00.000Z,2021-09-01T00:00:00.000Z,278000,After
E2 6,2021-09-01,1,0:06:24,0:13:05,E2 LTN areas,2021-09-01,T00:00:00.000Z,2021-09-01T00:00:00.000Z,384000,After
E2 7,2021-09-01,1,0:07:30,0:11:49,E2 LTN areas,2021-09-01,T00:00:00.000Z,2021-09-01T00:00:00.000Z,450000,After
E2 9,2021-09-01,1,0:05:50,0:08:37,E2 LTN areas,2021-09-01,T00:00:00.000Z,2021-09-01T00:00:00.000Z,350000,After
E2 0,2021-10-01,1,0:06:00,0:07:48,E2 LTN areas,2021-10-01,T00:00:00.000Z,2021-10-01T00:00:00.000Z,360000,After
E2 9,2021-10-01,1,0:07:26,0:10:13,E2 LTN areas,2021-10-01,T00:00:00.000Z,2021-10-01T00:00:00.000Z,446000,After
E2 6,2021-10-01,1,0:07:23,0:14:12,E2 LTN areas,2021-10-01,T00:00:00.000Z,2021-10-01T00:00:00.000Z,443000,After
E2 7,2021-10-01,1,0:06:56,0:10:23,E2 LTN areas,2021-10-01,T00:00:00.000Z,2021-10-01T00:00:00.000Z,416000,After
E2 6,2021-11-01,1,0:05:24,0:08:14,E2 LTN areas,2021-11-01,T00:00:00.000Z,2021-11-01T00:00:00.000Z,324000,After
E2 0,2021-11-01,1,0:05:44,0:09:34,E2 LTN areas,2021-11-01,T00:00:00.000Z,2021-11-01T00:00:00.000Z,344000,After
E2 9,2021-11-01,1,0:11:04,0:13:02,E2 LTN areas,2021-11-01,T00:00:00.000Z,2021-11-01T00:00:00.000Z,664000,After
E2 7,2021-11-01,1,0:05:35,0:09:14,E2 LTN areas,2021-11-01,T00:00:00.000Z,2021-11-01T00:00:00.000Z,335000,After
E2 6,2021-12-01,1,0:07:25,0:12:19,E2 LTN areas,2021-12-01,T00:00:00.000Z,2021-12-01T00:00:00.000Z,445000,After-6-month
E2 7,2021-12-01,1,0:05:20,0:06:25,E2 LTN areas,2021-12-01,T00:00:00.000Z,2021-12-01T00:00:00.000Z,320000,After-6-month
E2 0,2021-12-01,1,0:06:30,0:11:23,E2 LTN areas,2021-12-01,T00:00:00.000Z,2021-12-01T00:00:00.000Z,390000,After-6-month
E2 9,2021-12-01,1,0:05:50,0:08:37,E2 LTN areas,2021-12-01,T00:00:00.000Z,2021-12-01T00:00:00.000Z,350000,After-6-month
E2 6,2022-01-01,1,0:05:20,0:07:35,E2 LTN areas,2022-01-01,T00:00:00.000Z,2022-01-01T00:00:00.000Z,320000,After-6-month
E2 0,2022-01-01,1,0:04:36,0:07:10,E2 LTN areas,2022-01-01,T00:00:00.000Z,2022-01-01T00:00:00.000Z,276000,After-6-month
E2 7,2022-01-01,1,0:06:27,0:11:42,E2 LTN areas,2022-01-01,T00:00:00.000Z,2022-01-01T00:00:00.000Z,387000,After-6-month
E2 9,2022-01-01,1,0:06:40,0:10:13,E2 LTN areas,2022-01-01,T00:00:00.000Z,2022-01-01T00:00:00.000Z,400000,After-6-month
E2 6,2022-02-01,1,0:05:29,0:09:44,E2 LTN areas,2022-02-01,T00:00:00.000Z,2022-02-01T00:00:00.000Z,329000,After-6-month
E2 7,2022-02-01,1,0:05:23,0:07:48,E2 LTN areas,2022-02-01,T00:00:00.000Z,2022-02-01T00:00:00.000Z,323000,After-6-month
E2 0,2022-02-01,1,0:04:45,0:09:01,E2 LTN areas,2022-02-01,T00:00:00.000Z,2022-02-01T00:00:00.000Z,285000,After-6-month
E2 9,2022-02-01,1,0:05:42,0:07:58,E2 LTN areas,2022-02-01,T00:00:00.000Z,2022-02-01T00:00:00.000Z,342000,After-6-month
E2 0,2022-03-01,1,0:07:00,0:11:49,E2 LTN areas,2022-03-01,T00:00:00.000Z,2022-03-01T00:00:00.000Z,420000,After-6-month
E2 6,2022-03-01,1,0:06:18,0:08:23,E2 LTN areas,2022-03-01,T00:00:00.000Z,2022-03-01T00:00:00.000Z,378000,After-6-month
E2 9,2022-03-01,1,0:04:53,0:07:34,E2 LTN areas,2022-03-01,T00:00:00.000Z,2022-03-01T00:00:00.000Z,293000,After-6-month
E2 7,2022-03-01,1,0:06:58,0:12:04,E2 LTN areas,2022-03-01,T00:00:00.000Z,2022-03-01T00:00:00.000Z,418000,After-6-month
E2 9,2022-04-01,1,0:04:43,0:07:41,E2 LTN areas,2022-04-01,T00:00:00.000Z,2022-04-01T00:00:00.000Z,283000,After-6-month
E2 7,2022-04-01,1,0:05:08,0:07:06,E2 LTN areas,2022-04-01,T00:00:00.000Z,2022-04-01T00:00:00.000Z,308000,After-6-month
E2 6,2022-04-01,1,0:05:36,0:08:54,E2 LTN areas,2022-04-01,T00:00:00.000Z,2022-04-01T00:00:00.000Z,336000,After-6-month
E2 0,2022-04-01,1,0:05:33,0:10:48,E2 LTN areas,2022-04-01,T00:00:00.000Z,2022-04-01T00:00:00.000Z,333000,After-6-month
E2 7,2022-05-01,1,0:04:56,0:10:57,E2 LTN areas,2022-05-01,T00:00:00.000Z,2022-05-01T00:00:00.000Z,296000,After-6-month
E2 6,2022-05-01,1,0:04:36,0:07:35,E2 LTN areas,2022-05-01,T00:00:00.000Z,2022-05-01T00:00:00.000Z,276000,After-6-month
E2 0,2022-05-01,1,0:06:38,0:11:24,E2 LTN areas,2022-05-01,T00:00:00.000Z,2022-05-01T00:00:00.000Z,398000,After-6-month
E2 9,2022-05-01,1,0:05:53,0:09:36,E2 LTN areas,2022-05-01,T00:00:00.000Z,2022-05-01T00:00:00.000Z,353000,After-6-month
E2 0,2022-06-01,1,0:09:53,0:13:39,E2 LTN areas,2022-06-01,T00:00:00.000Z,2022-06-01T00:00:00.000Z,593000,After
E2 9,2022-06-01,1,0:05:32,0:09:14,E2 LTN areas,2022-06-01,T00:00:00.000Z,2022-06-01T00:00:00.000Z,332000,After
E2 6,2022-06-01,1,0:06:34,0:09:59,E2 LTN areas,2022-06-01,T00:00:00.000Z,2022-06-01T00:00:00.000Z,394000,After
E2 7,2022-06-01,1,0:19:09,0:31:27,E2 LTN areas,2022-06-01,T00:00:00.000Z,2022-06-01T00:00:00.000Z,1149000,After
E2 9,2022-07-01,1,0:06:39,0:10:42,E2 LTN areas,2022-07-01,T00:00:00.000Z,2022-07-01T00:00:00.000Z,399000,After
E2 6,2022-07-01,1,0:07:12,0:12:43,E2 LTN areas,2022-07-01,T00:00:00.000Z,2022-07-01T00:00:00.000Z,432000,After
E2 0,2022-07-01,1,0:07:55,0:14:12,E2 LTN areas,2022-07-01,T00:00:00.000Z,2022-07-01T00:00:00.000Z,475000,After
E2 7,2022-07-01,1,0:08:10,0:11:56,E2 LTN areas,2022-07-01,T00:00:00.000Z,2022-07-01T00:00:00.000Z,490000,After
E2 6,2022-08-01,1,0:04:07,0:07:13,E2 LTN areas,2022-08-01,T00:00:00.000Z,2022-08-01T00:00:00.000Z,247000,After
E2 0,2022-08-01,1,0:05:21,0:07:58,E2 LTN areas,2022-08-01,T00:00:00.000Z,2022-08-01T00:00:00.000Z,321000,After
E2 7,2022-08-01,1,0:05:06,0:09:00,E2 LTN areas,2022-08-01,T00:00:00.000Z,2022-08-01T00:00:00.000Z,306000,After
E2 9,2022-08-01,1,0:05:07,0:11:03,E2 LTN areas,2022-08-01,T00:00:00.000Z,2022-08-01T00:00:00.000Z,307000,After
E2 6,2022-09-01,1,0:05:48,0:09:15,E2 LTN areas,2022-09-01,T00:00:00.000Z,2022-09-01T00:00:00.000Z,348000,After
E2 7,2022-09-01,1,0:05:53,0:08:41,E2 LTN areas,2022-09-01,T00:00:00.000Z,2022-09-01T00:00:00.000Z,353000,After
E2 0,2022-09-01,1,0:04:44,0:07:41,E2 LTN areas,2022-09-01,T00:00:00.000Z,2022-09-01T00:00:00.000Z,284000,After
E2 9,2022-09-01,1,0:05:40,0:10:14,E2 LTN areas,2022-09-01,T00:00:00.000Z,2022-09-01T00:00:00.000Z,340000,After
E2 6,2022-12-01,1,0:11:46,0:19:54,E2 LTN areas,2022-12-01,T00:00:00.000Z,2022-12-01T00:00:00.000Z,706000,After
E2 0,2022-12-01,1,0:07:25,0:12:07,E2 LTN areas,2022-12-01,T00:00:00.000Z,2022-12-01T00:00:00.000Z,445000,After
E2 9,2022-12-01,1,0:09:50,0:15:23,E2 LTN areas,2022-12-01,T00:00:00.000Z,2022-12-01T00:00:00.000Z,590000,After
E2 7,2022-12-01,1,0:09:36,0:14:10,E2 LTN areas,2022-12-01,T00:00:00.000Z,2022-12-01T00:00:00.000Z,576000,After
E2 9,2023-01-01,1,0:07:46,0:12:28,E2 LTN areas,2023-01-01,T00:00:00.000Z,2023-01-01T00:00:00.000Z,466000,After
E2 6,2023-01-01,1,0:06:02,0:10:38,E2 LTN areas,2023-01-01,T00:00:00.000Z,2023-01-01T00:00:00.000Z,362000,After
E2 0,2023-01-01,1,0:07:27,0:12:33,E2 LTN areas,2023-01-01,T00:00:00.000Z,2023-01-01T00:00:00.000Z,447000,After
E2 7,2023-01-01,1,0:05:56,0:09:42,E2 LTN areas,2023-01-01,T00:00:00.000Z,2023-01-01T00:00:00.000Z,356000,After
E2 7,2023-02-01,1,0:05:12,0:08:30,E2 LTN areas,2023-02-01,T00:00:00.000Z,2023-02-01T00:00:00.000Z,312000,After
E2 0,2023-02-01,1,0:06:37,0:08:56,E2 LTN areas,2023-02-01,T00:00:00.000Z,2023-02-01T00:00:00.000Z,397000,After
E2 6,2023-02-01,1,0:05:38,0:09:45,E2 LTN areas,2023-02-01,T00:00:00.000Z,2023-02-01T00:00:00.000Z,338000,After
E2 9,2023-02-01,1,0:07:09,0:11:46,E2 LTN areas,2023-02-01,T00:00:00.000Z,2023-02-01T00:00:00.000Z,429000,After
E2 6,2023-03-01,1,0:07:28,0:11:10,E2 LTN areas,2023-03-01,T00:00:00.000Z,2023-03-01T00:00:00.000Z,448000,After
E2 9,2023-03-01,1,0:06:16,0:11:18,E2 LTN areas,2023-03-01,T00:00:00.000Z,2023-03-01T00:00:00.000Z,376000,After
E2 0,2023-03-01,1,0:05:58,0:09:49,E2 LTN areas,2023-03-01,T00:00:00.000Z,2023-03-01T00:00:00.000Z,358000,After
E2 7,2023-03-01,1,0:09:03,0:13:24,E2 LTN areas,2023-03-01,T00:00:00.000Z,2023-03-01T00:00:00.000Z,543000,After
E2 7,2023-04-01,1,0:06:23,0:07:47,E2 LTN areas,2023-04-01,T00:00:00.000Z,2023-04-01T00:00:00.000Z,383000,After
E2 0,2023-04-01,1,0:07:27,0:17:12,E2 LTN areas,2023-04-01,T00:00:00.000Z,2023-04-01T00:00:00.000Z,447000,After
E2 6,2023-04-01,1,0:04:37,0:06:52,E2 LTN areas,2023-04-01,T00:00:00.000Z,2023-04-01T00:00:00.000Z,277000,After
E2 9,2023-04-01,1,0:05:23,0:10:13,E2 LTN areas,2023-04-01,T00:00:00.000Z,2023-04-01T00:00:00.000Z,323000,After
E2 0,2023-05-01,1,0:05:22,0:09:31,E2 LTN areas,2023-05-01,T00:00:00.000Z,2023-05-01T00:00:00.000Z,322000,After
E2 9,2023-05-01,1,0:05:23,0:09:49,E2 LTN areas,2023-05-01,T00:00:00.000Z,2023-05-01T00:00:00.000Z,323000,After
E2 7,2023-05-01,1,0:07:51,0:09:44,E2 LTN areas,2023-05-01,T00:00:00.000Z,2023-05-01T00:00:00.000Z,471000,After
E2 6,2023-05-01,1,0:07:05,0:14:05,E2 LTN areas,2023-05-01,T00:00:00.000Z,2023-05-01T00:00:00.000Z,425000,After
E2 0,2023-06-01,1,0:06:55,0:13:09,E2 LTN areas,2023-06-01,T00:00:00.000Z,2023-06-01T00:00:00.000Z,415000,After
E2 7,2023-06-01,1,0:06:42,0:09:47,E2 LTN areas,2023-06-01,T00:00:00.000Z,2023-06-01T00:00:00.000Z,402000,After
E2 6,2023-06-01,1,0:08:49,0:17:14,E2 LTN areas,2023-06-01,T00:00:00.000Z,2023-06-01T00:00:00.000Z,529000,After
E2 9,2023-06-01,1,0:07:44,0:14:38,E2 LTN areas,2023-06-01,T00:00:00.000Z,2023-06-01T00:00:00.000Z,464000,After
E2 7,2023-07-01,1,0:06:14,0:10:34,E2 LTN areas,2023-07-01,T00:00:00.000Z,2023-07-01T00:00:00.000Z,374000,After
E2 0,2023-07-01,1,0:06:25,0:11:04,E2 LTN areas,2023-07-01,T00:00:00.000Z,2023-07-01T00:00:00.000Z,385000,After
E2 6,2023-07-01,1,0:07:32,0:09:17,E2 LTN areas,2023-07-01,T00:00:00.000Z,2023-07-01T00:00:00.000Z,452000,After
E2 9,2023-07-01,1,0:05:33,0:08:10,E2 LTN areas,2023-07-01,T00:00:00.000Z,2023-07-01T00:00:00.000Z,333000,After
E2 7,2023-08-01,1,0:06:56,0:11:49,E2 LTN areas,2023-08-01,T00:00:00.000Z,2023-08-01T00:00:00.000Z,416000,After
E2 9,2023-08-01,1,0:05:03,0:09:04,E2 LTN areas,2023-08-01,T00:00:00.000Z,2023-08-01T00:00:00.000Z,303000,After
E2 0,2023-08-01,1,0:05:33,0:08:37,E2 LTN areas,2023-08-01,T00:00:00.000Z,2023-08-01T00:00:00.000Z,333000,After
E2 6,2023-08-01,1,0:06:50,0:08:39,E2 LTN areas,2023-08-01,T00:00:00.000Z,2023-08-01T00:00:00.000Z,410000,After
E2 6,2023-09-01,1,0:06:56,0:11:23,E2 LTN areas,2023-09-01,T00:00:00.000Z,2023-09-01T00:00:00.000Z,416000,After
E2 9,2023-09-01,1,0:07:25,0:16:05,E2 LTN areas,2023-09-01,T00:00:00.000Z,2023-09-01T00:00:00.000Z,445000,After
E2 0,2023-09-01,1,0:06:04,0:09:38,E2 LTN areas,2023-09-01,T00:00:00.000Z,2023-09-01T00:00:00.000Z,364000,After
E2 7,2023-09-01,1,0:07:58,0:11:45,E2 LTN areas,2023-09-01,T00:00:00.000Z,2023-09-01T00:00:00.000Z,478000,After
E2 0,2023-10-01,1,0:07:52,0:11:24,E2 LTN areas,2023-10-01,T00:00:00.000Z,2023-10-01T00:00:00.000Z,472000,After
E2 6,2023-10-01,1,0:07:05,0:13:13,E2 LTN areas,2023-10-01,T00:00:00.000Z,2023-10-01T00:00:00.000Z,425000,After
E2 9,2023-10-01,1,0:06:12,0:11:31,E2 LTN areas,2023-10-01,T00:00:00.000Z,2023-10-01T00:00:00.000Z,372000,After
E2 7,2023-10-01,1,0:05:16,0:07:16,E2 LTN areas,2023-10-01,T00:00:00.000Z,2023-10-01T00:00:00.000Z,316000,After
E2 9,2023-11-01,1,0:07:18,0:14:28,E2 LTN areas,2023-11-01,T00:00:00.000Z,2023-11-01T00:00:00.000Z,438000,After
E2 0,2023-11-01,1,0:07:52,0:12:16,E2 LTN areas,2023-11-01,T00:00:00.000Z,2023-11-01T00:00:00.000Z,472000,After
E2 6,2023-11-01,1,0:08:00,0:09:54,E2 LTN areas,2023-11-01,T00:00:00.000Z,2023-11-01T00:00:00.000Z,480000,After
E2 7,2023-11-01,1,0:05:20,0:07:48,E2 LTN areas,2023-11-01,T00:00:00.000Z,2023-11-01T00:00:00.000Z,320000,After
E2 9,2023-12-01,1,0:05:20,0:08:09,E2 LTN areas,2023-12-01,T00:00:00.000Z,2023-12-01T00:00:00.000Z,320000,After
E2 6,2023-12-01,1,0:07:02,0:13:20,E2 LTN areas,2023-12-01,T00:00:00.000Z,2023-12-01T00:00:00.000Z,422000,After
E2 0,2023-12-01,1,0:06:03,0:07:53,E2 LTN areas,2023-12-01,T00:00:00.000Z,2023-12-01T00:00:00.000Z,363000,After
E2 7,2023-12-01,1,0:07:32,0:12:27,E2 LTN areas,2023-12-01,T00:00:00.000Z,2023-12-01T00:00:00.000Z,452000,After
E2 6,2024-01-01,1,0:05:19,0:08:41,E2 LTN areas,2024-01-01,T00:00:00.000Z,2024-01-01T00:00:00.000Z,319000,After
E2 0,2024-01-01,1,0:06:51,0:13:49,E2 LTN areas,2024-01-01,T00:00:00.000Z,2024-01-01T00:00:00.000Z,411000,After
E2 7,2024-01-01,1,0:07:22,0:10:11,E2 LTN areas,2024-01-01,T00:00:00.000Z,2024-01-01T00:00:00.000Z,442000,After
E2 9,2024-01-01,1,0:07:02,0:10:13,E2 LTN areas,2024-01-01,T00:00:00.000Z,2024-01-01T00:00:00.000Z,422000,After
E2 6,2024-02-01,1,0:05:31,0:09:42,E2 LTN areas,2024-02-01,T00:00:00.000Z,2024-02-01T00:00:00.000Z,331000,After
E2 7,2024-02-01,1,0:06:09,0:09:14,E2 LTN areas,2024-02-01,T00:00:00.000Z,2024-02-01T00:00:00.000Z,369000,After
E2 0,2024-02-01,1,0:06:52,0:11:43,E2 LTN areas,2024-02-01,T00:00:00.000Z,2024-02-01T00:00:00.000Z,412000,After
E2 9,2024-02-01,1,0:04:47,0:07:57,E2 LTN areas,2024-02-01,T00:00:00.000Z,2024-02-01T00:00:00.000Z,287000,After
E2 0,2024-03-01,1,0:06:09,0:09:19,E2 LTN areas,2024-03-01,T00:00:00.000Z,2024-03-01T00:00:00.000Z,369000,After
E2 7,2024-03-01,1,0:05:41,0:09:27,E2 LTN areas,2024-03-01,T00:00:00.000Z,2024-03-01T00:00:00.000Z,341000,After
E2 6,2024-03-01,1,0:07:25,0:11:39,E2 LTN areas,2024-03-01,T00:00:00.000Z,2024-03-01T00:00:00.000Z,445000,After
E2 9,2024-03-01,1,0:06:42,0:11:49,E2 LTN areas,2024-03-01,T00:00:00.000Z,2024-03-01T00:00:00.000Z,402000,After
E2 9,2024-04-01,1,0:07:23,0:14:20,E2 LTN areas,2024-04-01,T00:00:00.000Z,2024-04-01T00:00:00.000Z,443000,After
E2 7,2024-04-01,1,0:05:40,0:09:08,E2 LTN areas,2024-04-01,T00:00:00.000Z,2024-04-01T00:00:00.000Z,340000,After
E2 0,2024-04-01,1,0:04:48,0:09:07,E2 LTN areas,2024-04-01,T00:00:00.000Z,2024-04-01T00:00:00.000Z,288000,After
E2 6,2024-04-01,1,0:06:22,0:11:11,E2 LTN areas,2024-04-01,T00:00:00.000Z,2024-04-01T00:00:00.000Z,382000,After
E2 6,2024-05-01,1,0:05:17,0:07:28,E2 LTN areas,2024-05-01,T00:00:00.000Z,2024-05-01T00:00:00.000Z,317000,After
E2 0,2024-05-01,1,0:06:31,0:12:30,E2 LTN areas,2024-05-01,T00:00:00.000Z,2024-05-01T00:00:00.000Z,391000,After
E2 9,2024-05-01,1,0:04:15,0:07:51,E2 LTN areas,2024-05-01,T00:00:00.000Z,2024-05-01T00:00:00.000Z,255000,After
E2 7,2024-05-01,1,0:07:18,0:08:56,E2 LTN areas,2024-05-01,T00:00:00.000Z,2024-05-01T00:00:00.000Z,438000,After
E2 7,2019-06-01,2,0:17:06,0:27:46,E2 LTN areas,2019-06-01,T00:00:00.000Z,2019-06-01T00:00:00.000Z,1026000,Before
E2 0,2019-06-01,2,0:17:16,0:38:13,E2 LTN areas,2019-06-01,T00:00:00.000Z,2019-06-01T00:00:00.000Z,1036000,Before
E2 6,2019-06-01,2,0:16:43,0:30:46,E2 LTN areas,2019-06-01,T00:00:00.000Z,2019-06-01T00:00:00.000Z,1003000,Before
E2 9,2019-06-01,2,0:19:30,0:40:36,E2 LTN areas,2019-06-01,T00:00:00.000Z,2019-06-01T00:00:00.000Z,1170000,Before
E2 7,2019-07-01,2,0:16:03,0:33:31,E2 LTN areas,2019-07-01,T00:00:00.000Z,2019-07-01T00:00:00.000Z,963000,Before
E2 0,2019-07-01,2,0:18:01,0:42:25,E2 LTN areas,2019-07-01,T00:00:00.000Z,2019-07-01T00:00:00.000Z,1081000,Before
E2 9,2019-07-01,2,0:18:38,0:40:21,E2 LTN areas,2019-07-01,T00:00:00.000Z,2019-07-01T00:00:00.000Z,1118000,Before
E2 6,2019-07-01,2,0:18:01,0:33:45,E2 LTN areas,2019-07-01,T00:00:00.000Z,2019-07-01T00:00:00.000Z,1081000,Before
E2 9,2019-08-01,2,0:16:06,0:37:29,E2 LTN areas,2019-08-01,T00:00:00.000Z,2019-08-01T00:00:00.000Z,966000,Before
E2 0,2019-08-01,2,0:14:15,0:30:20,E2 LTN areas,2019-08-01,T00:00:00.000Z,2019-08-01T00:00:00.000Z,855000,Before
E2 7,2019-08-01,2,0:14:49,0:29:17,E2 LTN areas,2019-08-01,T00:00:00.000Z,2019-08-01T00:00:00.000Z,889000,Before
E2 6,2019-08-01,2,0:14:25,0:28:08,E2 LTN areas,2019-08-01,T00:00:00.000Z,2019-08-01T00:00:00.000Z,865000,Before
E2 7,2019-09-01,2,0:13:33,0:29:22,E2 LTN areas,2019-09-01,T00:00:00.000Z,2019-09-01T00:00:00.000Z,813000,Before
E2 6,2019-09-01,2,0:14:38,0:28:10,E2 LTN areas,2019-09-01,T00:00:00.000Z,2019-09-01T00:00:00.000Z,878000,Before
E2 9,2019-09-01,2,0:12:36,0:23:44,E2 LTN areas,2019-09-01,T00:00:00.000Z,2019-09-01T00:00:00.000Z,756000,Before
E2 0,2019-09-01,2,0:14:10,0:26:09,E2 LTN areas,2019-09-01,T00:00:00.000Z,2019-09-01T00:00:00.000Z,850000,Before
E2 7,2019-10-01,2,0:16:05,0:32:24,E2 LTN areas,2019-10-01,T00:00:00.000Z,2019-10-01T00:00:00.000Z,965000,Before
E2 6,2019-10-01,2,0:15:53,0:29:37,E2 LTN areas,2019-10-01,T00:00:00.000Z,2019-10-01T00:00:00.000Z,953000,Before
E2 0,2019-10-01,2,0:18:48,0:46:32,E2 LTN areas,2019-10-01,T00:00:00.000Z,2019-10-01T00:00:00.000Z,1128000,Before
E2 9,2019-10-01,2,0:18:50,0:42:14,E2 LTN areas,2019-10-01,T00:00:00.000Z,2019-10-01T00:00:00.000Z,1130000,Before
E2 7,2019-11-01,2,0:17:05,0:33:39,E2 LTN areas,2019-11-01,T00:00:00.000Z,2019-11-01T00:00:00.000Z,1025000,Before
E2 0,2019-11-01,2,0:19:51,0:40:16,E2 LTN areas,2019-11-01,T00:00:00.000Z,2019-11-01T00:00:00.000Z,1191000,Before
E2 9,2019-11-01,2,0:19:41,0:37:32,E2 LTN areas,2019-11-01,T00:00:00.000Z,2019-11-01T00:00:00.000Z,1181000,Before
E2 6,2019-11-01,2,0:16:39,0:35:29,E2 LTN areas,2019-11-01,T00:00:00.000Z,2019-11-01T00:00:00.000Z,999000,Before
E2 6,2019-12-01,2,0:22:05,0:48:08,E2 LTN areas,2019-12-01,T00:00:00.000Z,2019-12-01T00:00:00.000Z,1325000,Before-6-month
E2 0,2019-12-01,2,0:20:54,0:43:58,E2 LTN areas,2019-12-01,T00:00:00.000Z,2019-12-01T00:00:00.000Z,1254000,Before-6-month
E2 7,2019-12-01,2,0:20:49,0:49:22,E2 LTN areas,2019-12-01,T00:00:00.000Z,2019-12-01T00:00:00.000Z,1249000,Before-6-month
E2 9,2019-12-01,2,0:21:18,0:44:06,E2 LTN areas,2019-12-01,T00:00:00.000Z,2019-12-01T00:00:00.000Z,1278000,Before-6-month
E2 9,2020-01-01,2,0:14:21,0:31:33,E2 LTN areas,2020-01-01,T00:00:00.000Z,2020-01-01T00:00:00.000Z,861000,Before-6-month
E2 6,2020-01-01,2,0:14:13,0:28:04,E2 LTN areas,2020-01-01,T00:00:00.000Z,2020-01-01T00:00:00.000Z,853000,Before-6-month
E2 0,2020-01-01,2,0:15:44,0:36:19,E2 LTN areas,2020-01-01,T00:00:00.000Z,2020-01-01T00:00:00.000Z,944000,Before-6-month
E2 7,2020-01-01,2,0:17:08,0:33:40,E2 LTN areas,2020-01-01,T00:00:00.000Z,2020-01-01T00:00:00.000Z,1028000,Before-6-month
E2 7,2020-02-01,2,0:18:06,0:34:31,E2 LTN areas,2020-02-01,T00:00:00.000Z,2020-02-01T00:00:00.000Z,1086000,Before-6-month
E2 9,2020-02-01,2,0:19:04,0:36:47,E2 LTN areas,2020-02-01,T00:00:00.000Z,2020-02-01T00:00:00.000Z,1144000,Before-6-month
E2 0,2020-02-01,2,0:19:31,0:43:40,E2 LTN areas,2020-02-01,T00:00:00.000Z,2020-02-01T00:00:00.000Z,1171000,Before-6-month
E2 6,2020-02-01,2,0:21:48,0:48:52,E2 LTN areas,2020-02-01,T00:00:00.000Z,2020-02-01T00:00:00.000Z,1308000,Before-6-month
E2 9,2020-03-01,2,0:36:33,1:22:36,E2 LTN areas,2020-03-01,T00:00:00.000Z,2020-03-01T00:00:00.000Z,2193000,Before-6-month
E2 6,2020-03-01,2,0:39:47,1:29:40,E2 LTN areas,2020-03-01,T00:00:00.000Z,2020-03-01T00:00:00.000Z,2387000,Before-6-month
E2 7,2020-03-01,2,0:43:45,1:43:59,E2 LTN areas,2020-03-01,T00:00:00.000Z,2020-03-01T00:00:00.000Z,2625000,Before-6-month
E2 0,2020-03-01,2,0:33:53,1:26:14,E2 LTN areas,2020-03-01,T00:00:00.000Z,2020-03-01T00:00:00.000Z,2033000,Before-6-month
E2 6,2020-04-01,2,0:18:43,0:41:34,E2 LTN areas,2020-04-01,T00:00:00.000Z,2020-04-01T00:00:00.000Z,1123000,Before-6-month
E2 0,2020-04-01,2,0:20:34,0:47:07,E2 LTN areas,2020-04-01,T00:00:00.000Z,2020-04-01T00:00:00.000Z,1234000,Before-6-month
E2 9,2020-04-01,2,0:12:19,0:25:39,E2 LTN areas,2020-04-01,T00:00:00.000Z,2020-04-01T00:00:00.000Z,739000,Before-6-month
E2 7,2020-04-01,2,0:17:40,0:42:39,E2 LTN areas,2020-04-01,T00:00:00.000Z,2020-04-01T00:00:00.000Z,1060000,Before-6-month
E2 7,2020-05-01,2,0:05:31,0:09:10,E2 LTN areas,2020-05-01,T00:00:00.000Z,2020-05-01T00:00:00.000Z,331000,Before-6-month
E2 6,2020-05-01,2,0:06:38,0:11:08,E2 LTN areas,2020-05-01,T00:00:00.000Z,2020-05-01T00:00:00.000Z,398000,Before-6-month
E2 0,2020-05-01,2,0:07:08,0:10:32,E2 LTN areas,2020-05-01,T00:00:00.000Z,2020-05-01T00:00:00.000Z,428000,Before-6-month
E2 9,2020-05-01,2,0:05:32,0:08:01,E2 LTN areas,2020-05-01,T00:00:00.000Z,2020-05-01T00:00:00.000Z,332000,Before-6-month
E2 0,2020-06-01,2,0:07:02,0:11:10,E2 LTN areas,2020-06-01,T00:00:00.000Z,2020-06-01T00:00:00.000Z,422000,Before
E2 6,2020-06-01,2,0:07:15,0:10:50,E2 LTN areas,2020-06-01,T00:00:00.000Z,2020-06-01T00:00:00.000Z,435000,Before
E2 7,2020-06-01,2,0:08:28,0:13:29,E2 LTN areas,2020-06-01,T00:00:00.000Z,2020-06-01T00:00:00.000Z,508000,Before
E2 9,2020-06-01,2,0:07:34,0:11:47,E2 LTN areas,2020-06-01,T00:00:00.000Z,2020-06-01T00:00:00.000Z,454000,Before
E2 9,2020-07-01,2,0:08:07,0:14:51,E2 LTN areas,2020-07-01,T00:00:00.000Z,2020-07-01T00:00:00.000Z,487000,After
E2 0,2020-07-01,2,0:08:27,0:17:56,E2 LTN areas,2020-07-01,T00:00:00.000Z,2020-07-01T00:00:00.000Z,507000,After
E2 7,2020-07-01,2,0:07:13,0:12:30,E2 LTN areas,2020-07-01,T00:00:00.000Z,2020-07-01T00:00:00.000Z,433000,After
E2 6,2020-07-01,2,0:08:55,0:17:08,E2 LTN areas,2020-07-01,T00:00:00.000Z,2020-07-01T00:00:00.000Z,535000,After
E2 0,2020-08-01,2,0:13:38,0:25:20,E2 LTN areas,2020-08-01,T00:00:00.000Z,2020-08-01T00:00:00.000Z,818000,After
E2 7,2020-08-01,2,0:10:57,0:20:38,E2 LTN areas,2020-08-01,T00:00:00.000Z,2020-08-01T00:00:00.000Z,657000,After
E2 6,2020-08-01,2,0:12:47,0:24:56,E2 LTN areas,2020-08-01,T00:00:00.000Z,2020-08-01T00:00:00.000Z,767000,After
E2 9,2020-08-01,2,0:11:05,0:19:28,E2 LTN areas,2020-08-01,T00:00:00.000Z,2020-08-01T00:00:00.000Z,665000,After
E2 6,2020-09-01,2,0:14:10,0:24:37,E2 LTN areas,2020-09-01,T00:00:00.000Z,2020-09-01T00:00:00.000Z,850000,After
E2 0,2020-09-01,2,0:13:41,0:30:27,E2 LTN areas,2020-09-01,T00:00:00.000Z,2020-09-01T00:00:00.000Z,821000,After
E2 7,2020-09-01,2,0:10:32,0:17:28,E2 LTN areas,2020-09-01,T00:00:00.000Z,2020-09-01T00:00:00.000Z,632000,After
E2 9,2020-09-01,2,0:13:18,0:29:18,E2 LTN areas,2020-09-01,T00:00:00.000Z,2020-09-01T00:00:00.000Z,798000,After
E2 6,2020-10-01,2,0:13:31,0:24:00,E2 LTN areas,2020-10-01,T00:00:00.000Z,2020-10-01T00:00:00.000Z,811000,After
E2 0,2020-10-01,2,0:11:32,0:24:16,E2 LTN areas,2020-10-01,T00:00:00.000Z,2020-10-01T00:00:00.000Z,692000,After
E2 9,2020-10-01,2,0:11:50,0:26:15,E2 LTN areas,2020-10-01,T00:00:00.000Z,2020-10-01T00:00:00.000Z,710000,After
E2 7,2020-10-01,2,0:14:07,0:31:13,E2 LTN areas,2020-10-01,T00:00:00.000Z,2020-10-01T00:00:00.000Z,847000,After
E2 0,2020-11-01,2,0:12:37,0:22:42,E2 LTN areas,2020-11-01,T00:00:00.000Z,2020-11-01T00:00:00.000Z,757000,After
E2 9,2020-11-01,2,0:11:36,0:20:13,E2 LTN areas,2020-11-01,T00:00:00.000Z,2020-11-01T00:00:00.000Z,696000,After
E2 6,2020-11-01,2,0:13:40,0:25:34,E2 LTN areas,2020-11-01,T00:00:00.000Z,2020-11-01T00:00:00.000Z,820000,After
E2 7,2020-11-01,2,0:12:30,0:26:21,E2 LTN areas,2020-11-01,T00:00:00.000Z,2020-11-01T00:00:00.000Z,750000,After
E2 0,2020-12-01,2,0:51:20,2:02:17,E2 LTN areas,2020-12-01,T00:00:00.000Z,2020-12-01T00:00:00.000Z,3080000,After
E2 7,2020-12-01,2,0:33:18,1:10:46,E2 LTN areas,2020-12-01,T00:00:00.000Z,2020-12-01T00:00:00.000Z,1998000,After
E2 6,2020-12-01,2,0:59:59,2:40:49,E2 LTN areas,2020-12-01,T00:00:00.000Z,2020-12-01T00:00:00.000Z,3599000,After
E2 9,2020-12-01,2,0:48:00,1:51:06,E2 LTN areas,2020-12-01,T00:00:00.000Z,2020-12-01T00:00:00.000Z,2880000,After
E2 0,2021-01-01,2,0:37:58,1:32:17,E2 LTN areas,2021-01-01,T00:00:00.000Z,2021-01-01T00:00:00.000Z,2278000,After
E2 7,2021-01-01,2,0:40:05,1:48:53,E2 LTN areas,2021-01-01,T00:00:00.000Z,2021-01-01T00:00:00.000Z,2405000,After
E2 6,2021-01-01,2,0:39:22,1:40:23,E2 LTN areas,2021-01-01,T00:00:00.000Z,2021-01-01T00:00:00.000Z,2362000,After
E2 9,2021-01-01,2,0:32:30,1:19:14,E2 LTN areas,2021-01-01,T00:00:00.000Z,2021-01-01T00:00:00.000Z,1950000,After
E2 6,2021-02-01,2,0:11:36,0:17:07,E2 LTN areas,2021-02-01,T00:00:00.000Z,2021-02-01T00:00:00.000Z,696000,After
E2 0,2021-02-01,2,0:09:42,0:18:56,E2 LTN areas,2021-02-01,T00:00:00.000Z,2021-02-01T00:00:00.000Z,582000,After
E2 7,2021-02-01,2,0:10:11,0:16:24,E2 LTN areas,2021-02-01,T00:00:00.000Z,2021-02-01T00:00:00.000Z,611000,After
E2 9,2021-02-01,2,0:09:13,0:15:00,E2 LTN areas,2021-02-01,T00:00:00.000Z,2021-02-01T00:00:00.000Z,553000,After
E2 6,2021-03-01,2,0:09:31,0:17:36,E2 LTN areas,2021-03-01,T00:00:00.000Z,2021-03-01T00:00:00.000Z,571000,After
E2 9,2021-03-01,2,0:11:36,0:25:20,E2 LTN areas,2021-03-01,T00:00:00.000Z,2021-03-01T00:00:00.000Z,696000,After
E2 0,2021-03-01,2,0:10:02,0:21:13,E2 LTN areas,2021-03-01,T00:00:00.000Z,2021-03-01T00:00:00.000Z,602000,After
E2 7,2021-03-01,2,0:10:48,0:17:10,E2 LTN areas,2021-03-01,T00:00:00.000Z,2021-03-01T00:00:00.000Z,648000,After
E2 9,2021-04-01,2,0:13:08,0:27:38,E2 LTN areas,2021-04-01,T00:00:00.000Z,2021-04-01T00:00:00.000Z,788000,After
E2 0,2021-04-01,2,0:13:14,0:23:37,E2 LTN areas,2021-04-01,T00:00:00.000Z,2021-04-01T00:00:00.000Z,794000,After
E2 6,2021-04-01,2,0:17:36,0:38:18,E2 LTN areas,2021-04-01,T00:00:00.000Z,2021-04-01T00:00:00.000Z,1056000,After
E2 7,2021-04-01,2,0:15:51,0:34:00,E2 LTN areas,2021-04-01,T00:00:00.000Z,2021-04-01T00:00:00.000Z,951000,After
E2 0,2021-05-01,2,0:19:21,0:38:36,E2 LTN areas,2021-05-01,T00:00:00.000Z,2021-05-01T00:00:00.000Z,1161000,After
E2 9,2021-05-01,2,0:16:04,0:33:52,E2 LTN areas,2021-05-01,T00:00:00.000Z,2021-05-01T00:00:00.000Z,964000,After
E2 7,2021-05-01,2,0:21:00,0:44:52,E2 LTN areas,2021-05-01,T00:00:00.000Z,2021-05-01T00:00:00.000Z,1260000,After
E2 6,2021-05-01,2,0:17:16,0:36:19,E2 LTN areas,2021-05-01,T00:00:00.000Z,2021-05-01T00:00:00.000Z,1036000,After
E2 9,2021-06-01,2,0:22:51,0:49:35,E2 LTN areas,2021-06-01,T00:00:00.000Z,2021-06-01T00:00:00.000Z,1371000,After
E2 6,2021-06-01,2,0:33:05,1:10:48,E2 LTN areas,2021-06-01,T00:00:00.000Z,2021-06-01T00:00:00.000Z,1985000,After
E2 0,2021-06-01,2,0:23:43,0:45:19,E2 LTN areas,2021-06-01,T00:00:00.000Z,2021-06-01T00:00:00.000Z,1423000,After
E2 7,2021-06-01,2,0:22:50,0:51:33,E2 LTN areas,2021-06-01,T00:00:00.000Z,2021-06-01T00:00:00.000Z,1370000,After
E2 0,2021-07-01,2,0:47:07,1:56:13,E2 LTN areas,2021-07-01,T00:00:00.000Z,2021-07-01T00:00:00.000Z,2827000,After
E2 9,2021-07-01,2,0:44:59,1:36:08,E2 LTN areas,2021-07-01,T00:00:00.000Z,2021-07-01T00:00:00.000Z,2699000,After
E2 6,2021-07-01,2,0:41:34,1:37:10,E2 LTN areas,2021-07-01,T00:00:00.000Z,2021-07-01T00:00:00.000Z,2494000,After
E2 7,2021-07-01,2,0:37:44,1:11:31,E2 LTN areas,2021-07-01,T00:00:00.000Z,2021-07-01T00:00:00.000Z,2264000,After
E2 0,2021-08-01,2,0:43:11,1:31:08,E2 LTN areas,2021-08-01,T00:00:00.000Z,2021-08-01T00:00:00.000Z,2591000,After
E2 9,2021-08-01,2,0:35:03,1:25:46,E2 LTN areas,2021-08-01,T00:00:00.000Z,2021-08-01T00:00:00.000Z,2103000,After
E2 6,2021-08-01,2,0:44:47,1:28:47,E2 LTN areas,2021-08-01,T00:00:00.000Z,2021-08-01T00:00:00.000Z,2687000,After
E2 7,2021-08-01,2,0:34:06,1:15:24,E2 LTN areas,2021-08-01,T00:00:00.000Z,2021-08-01T00:00:00.000Z,2046000,After
E2 0,2021-09-01,2,0:42:09,1:44:22,E2 LTN areas,2021-09-01,T00:00:00.000Z,2021-09-01T00:00:00.000Z,2529000,After
E2 6,2021-09-01,2,0:40:56,1:31:04,E2 LTN areas,2021-09-01,T00:00:00.000Z,2021-09-01T00:00:00.000Z,2456000,After
E2 7,2021-09-01,2,0:47:46,1:51:55,E2 LTN areas,2021-09-01,T00:00:00.000Z,2021-09-01T00:00:00.000Z,2866000,After
E2 9,2021-09-01,2,0:44:04,1:39:13,E2 LTN areas,2021-09-01,T00:00:00.000Z,2021-09-01T00:00:00.000Z,2644000,After
E2 0,2021-10-01,2,0:54:00,1:43:55,E2 LTN areas,2021-10-01,T00:00:00.000Z,2021-10-01T00:00:00.000Z,3240000,After
E2 9,2021-10-01,2,0:48:38,1:41:51,E2 LTN areas,2021-10-01,T00:00:00.000Z,2021-10-01T00:00:00.000Z,2918000,After
E2 6,2021-10-01,2,0:48:15,1:31:48,E2 LTN areas,2021-10-01,T00:00:00.000Z,2021-10-01T00:00:00.000Z,2895000,After
E2 7,2021-10-01,2,0:46:44,1:25:36,E2 LTN areas,2021-10-01,T00:00:00.000Z,2021-10-01T00:00:00.000Z,2804000,After
E2 6,2021-11-01,2,0:45:59,1:44:59,E2 LTN areas,2021-11-01,T00:00:00.000Z,2021-11-01T00:00:00.000Z,2759000,After
E2 0,2021-11-01,2,0:48:48,1:35:37,E2 LTN areas,2021-11-01,T00:00:00.000Z,2021-11-01T00:00:00.000Z,2928000,After
E2 9,2021-11-01,2,0:43:46,1:48:06,E2 LTN areas,2021-11-01,T00:00:00.000Z,2021-11-01T00:00:00.000Z,2626000,After
E2 7,2021-11-01,2,0:34:42,1:04:32,E2 LTN areas,2021-11-01,T00:00:00.000Z,2021-11-01T00:00:00.000Z,2082000,After
E2 6,2021-12-01,2,0:58:00,1:58:09,E2 LTN areas,2021-12-01,T00:00:00.000Z,2021-12-01T00:00:00.000Z,3480000,After-6-month
E2 7,2021-12-01,2,0:53:33,1:55:55,E2 LTN areas,2021-12-01,T00:00:00.000Z,2021-12-01T00:00:00.000Z,3213000,After-6-month
E2 0,2021-12-01,2,0:56:34,2:15:32,E2 LTN areas,2021-12-01,T00:00:00.000Z,2021-12-01T00:00:00.000Z,3394000,After-6-month
E2 9,2021-12-01,2,1:04:22,2:23:58,E2 LTN areas,2021-12-01,T00:00:00.000Z,2021-12-01T00:00:00.000Z,262000,After-6-month
E2 6,2022-01-01,2,0:29:59,1:10:57,E2 LTN areas,2022-01-01,T00:00:00.000Z,2022-01-01T00:00:00.000Z,1799000,After-6-month
E2 0,2022-01-01,2,0:32:11,1:01:56,E2 LTN areas,2022-01-01,T00:00:00.000Z,2022-01-01T00:00:00.000Z,1931000,After-6-month
E2 7,2022-01-01,2,0:27:23,0:56:10,E2 LTN areas,2022-01-01,T00:00:00.000Z,2022-01-01T00:00:00.000Z,1643000,After-6-month
E2 9,2022-01-01,2,0:30:59,1:10:31,E2 LTN areas,2022-01-01,T00:00:00.000Z,2022-01-01T00:00:00.000Z,1859000,After-6-month
E2 6,2022-02-01,2,0:34:08,1:16:24,E2 LTN areas,2022-02-01,T00:00:00.000Z,2022-02-01T00:00:00.000Z,2048000,After-6-month
E2 7,2022-02-01,2,0:32:49,1:12:02,E2 LTN areas,2022-02-01,T00:00:00.000Z,2022-02-01T00:00:00.000Z,1969000,After-6-month
E2 0,2022-02-01,2,0:26:21,0:55:00,E2 LTN areas,2022-02-01,T00:00:00.000Z,2022-02-01T00:00:00.000Z,1581000,After-6-month
E2 9,2022-02-01,2,0:32:52,1:08:27,E2 LTN areas,2022-02-01,T00:00:00.000Z,2022-02-01T00:00:00.000Z,1972000,After-6-month
E2 0,2022-03-01,2,0:54:36,1:55:58,E2 LTN areas,2022-03-01,T00:00:00.000Z,2022-03-01T00:00:00.000Z,3276000,After-6-month
E2 6,2022-03-01,2,0:47:14,1:38:33,E2 LTN areas,2022-03-01,T00:00:00.000Z,2022-03-01T00:00:00.000Z,2834000,After-6-month
E2 9,2022-03-01,2,0:48:47,1:45:34,E2 LTN areas,2022-03-01,T00:00:00.000Z,2022-03-01T00:00:00.000Z,2927000,After-6-month
E2 7,2022-03-01,2,0:47:42,1:43:59,E2 LTN areas,2022-03-01,T00:00:00.000Z,2022-03-01T00:00:00.000Z,2862000,After-6-month
E2 9,2022-04-01,2,0:42:47,1:33:06,E2 LTN areas,2022-04-01,T00:00:00.000Z,2022-04-01T00:00:00.000Z,2567000,After-6-month
E2 7,2022-04-01,2,0:33:48,1:27:20,E2 LTN areas,2022-04-01,T00:00:00.000Z,2022-04-01T00:00:00.000Z,2028000,After-6-month
E2 6,2022-04-01,2,0:32:31,1:02:30,E2 LTN areas,2022-04-01,T00:00:00.000Z,2022-04-01T00:00:00.000Z,1951000,After-6-month
E2 0,2022-04-01,2,0:35:10,1:18:39,E2 LTN areas,2022-04-01,T00:00:00.000Z,2022-04-01T00:00:00.000Z,2110000,After-6-month
E2 7,2022-05-01,2,0:38:26,1:23:28,E2 LTN areas,2022-05-01,T00:00:00.000Z,2022-05-01T00:00:00.000Z,2306000,After-6-month
E2 6,2022-05-01,2,0:39:58,1:14:32,E2 LTN areas,2022-05-01,T00:00:00.000Z,2022-05-01T00:00:00.000Z,2398000,After-6-month
E2 0,2022-05-01,2,0:39:26,1:23:49,E2 LTN areas,2022-05-01,T00:00:00.000Z,2022-05-01T00:00:00.000Z,2366000,After-6-month
E2 9,2022-05-01,2,0:38:26,1:37:27,E2 LTN areas,2022-05-01,T00:00:00.000Z,2022-05-01T00:00:00.000Z,2306000,After-6-month
E2 0,2022-06-01,2,0:56:58,2:10:57,E2 LTN areas,2022-06-01,T00:00:00.000Z,2022-06-01T00:00:00.000Z,3418000,After
E2 9,2022-06-01,2,0:57:27,2:01:38,E2 LTN areas,2022-06-01,T00:00:00.000Z,2022-06-01T00:00:00.000Z,3447000,After
E2 6,2022-06-01,2,0:50:13,1:48:22,E2 LTN areas,2022-06-01,T00:00:00.000Z,2022-06-01T00:00:00.000Z,3013000,After
E2 7,2022-06-01,2,0:59:02,2:04:21,E2 LTN areas,2022-06-01,T00:00:00.000Z,2022-06-01T00:00:00.000Z,3542000,After
E2 9,2022-07-01,2,0:54:50,1:48:22,E2 LTN areas,2022-07-01,T00:00:00.000Z,2022-07-01T00:00:00.000Z,3290000,After
E2 6,2022-07-01,2,1:07:59,2:36:55,E2 LTN areas,2022-07-01,T00:00:00.000Z,2022-07-01T00:00:00.000Z,479000,After
E2 0,2022-07-01,2,0:51:17,1:53:29,E2 LTN areas,2022-07-01,T00:00:00.000Z,2022-07-01T00:00:00.000Z,3077000,After
E2 7,2022-07-01,2,1:22:34,2:23:57,E2 LTN areas,2022-07-01,T00:00:00.000Z,2022-07-01T00:00:00.000Z,1354000,After
E2 6,2022-08-01,2,0:31:59,1:06:42,E2 LTN areas,2022-08-01,T00:00:00.000Z,2022-08-01T00:00:00.000Z,1919000,After
E2 0,2022-08-01,2,0:44:37,2:00:05,E2 LTN areas,2022-08-01,T00:00:00.000Z,2022-08-01T00:00:00.000Z,2677000,After
E2 7,2022-08-01,2,0:33:03,1:14:09,E2 LTN areas,2022-08-01,T00:00:00.000Z,2022-08-01T00:00:00.000Z,1983000,After
E2 9,2022-08-01,2,0:32:28,1:10:14,E2 LTN areas,2022-08-01,T00:00:00.000Z,2022-08-01T00:00:00.000Z,1948000,After
E2 6,2022-09-01,2,0:46:33,1:31:48,E2 LTN areas,2022-09-01,T00:00:00.000Z,2022-09-01T00:00:00.000Z,2793000,After
E2 7,2022-09-01,2,0:37:34,1:24:26,E2 LTN areas,2022-09-01,T00:00:00.000Z,2022-09-01T00:00:00.000Z,2254000,After
E2 0,2022-09-01,2,0:33:06,1:23:14,E2 LTN areas,2022-09-01,T00:00:00.000Z,2022-09-01T00:00:00.000Z,1986000,After
E2 9,2022-09-01,2,0:46:29,1:39:26,E2 LTN areas,2022-09-01,T00:00:00.000Z,2022-09-01T00:00:00.000Z,2789000,After
E2 6,2022-12-01,2,0:57:20,2:00:15,E2 LTN areas,2022-12-01,T00:00:00.000Z,2022-12-01T00:00:00.000Z,3440000,After
E2 0,2022-12-01,2,1:05:31,2:41:12,E2 LTN areas,2022-12-01,T00:00:00.000Z,2022-12-01T00:00:00.000Z,331000,After
E2 9,2022-12-01,2,1:24:43,2:53:35,E2 LTN areas,2022-12-01,T00:00:00.000Z,2022-12-01T00:00:00.000Z,1483000,After
E2 7,2022-12-01,2,1:22:36,3:32:19,E2 LTN areas,2022-12-01,T00:00:00.000Z,2022-12-01T00:00:00.000Z,1356000,After
E2 9,2023-01-01,2,0:31:00,1:12:03,E2 LTN areas,2023-01-01,T00:00:00.000Z,2023-01-01T00:00:00.000Z,1860000,After
E2 6,2023-01-01,2,0:25:58,0:52:20,E2 LTN areas,2023-01-01,T00:00:00.000Z,2023-01-01T00:00:00.000Z,1558000,After
E2 0,2023-01-01,2,0:29:52,1:13:25,E2 LTN areas,2023-01-01,T00:00:00.000Z,2023-01-01T00:00:00.000Z,1792000,After
E2 7,2023-01-01,2,0:25:07,0:53:51,E2 LTN areas,2023-01-01,T00:00:00.000Z,2023-01-01T00:00:00.000Z,1507000,After
E2 7,2023-02-01,2,0:34:13,1:19:36,E2 LTN areas,2023-02-01,T00:00:00.000Z,2023-02-01T00:00:00.000Z,2053000,After
E2 0,2023-02-01,2,0:40:39,1:27:34,E2 LTN areas,2023-02-01,T00:00:00.000Z,2023-02-01T00:00:00.000Z,2439000,After
E2 6,2023-02-01,2,0:34:08,1:08:45,E2 LTN areas,2023-02-01,T00:00:00.000Z,2023-02-01T00:00:00.000Z,2048000,After
E2 9,2023-02-01,2,0:30:13,1:01:03,E2 LTN areas,2023-02-01,T00:00:00.000Z,2023-02-01T00:00:00.000Z,1813000,After
E2 6,2023-03-01,2,0:52:45,2:04:30,E2 LTN areas,2023-03-01,T00:00:00.000Z,2023-03-01T00:00:00.000Z,3165000,After
E2 9,2023-03-01,2,0:34:00,1:17:47,E2 LTN areas,2023-03-01,T00:00:00.000Z,2023-03-01T00:00:00.000Z,2040000,After
E2 0,2023-03-01,2,0:44:46,1:37:46,E2 LTN areas,2023-03-01,T00:00:00.000Z,2023-03-01T00:00:00.000Z,2686000,After
E2 7,2023-03-01,2,0:48:24,1:48:13,E2 LTN areas,2023-03-01,T00:00:00.000Z,2023-03-01T00:00:00.000Z,2904000,After
E2 7,2023-04-01,2,0:37:01,1:39:02,E2 LTN areas,2023-04-01,T00:00:00.000Z,2023-04-01T00:00:00.000Z,2221000,After
E2 0,2023-04-01,2,0:35:58,1:30:53,E2 LTN areas,2023-04-01,T00:00:00.000Z,2023-04-01T00:00:00.000Z,2158000,After
E2 6,2023-04-01,2,0:35:51,1:10:43,E2 LTN areas,2023-04-01,T00:00:00.000Z,2023-04-01T00:00:00.000Z,2151000,After
E2 9,2023-04-01,2,0:35:33,1:37:43,E2 LTN areas,2023-04-01,T00:00:00.000Z,2023-04-01T00:00:00.000Z,2133000,After
E2 0,2023-05-01,2,0:55:42,2:00:51,E2 LTN areas,2023-05-01,T00:00:00.000Z,2023-05-01T00:00:00.000Z,3342000,After
E2 9,2023-05-01,2,0:34:40,1:15:26,E2 LTN areas,2023-05-01,T00:00:00.000Z,2023-05-01T00:00:00.000Z,2080000,After
E2 7,2023-05-01,2,1:05:09,2:26:22,E2 LTN areas,2023-05-01,T00:00:00.000Z,2023-05-01T00:00:00.000Z,309000,After
E2 6,2023-05-01,2,0:45:08,1:39:43,E2 LTN areas,2023-05-01,T00:00:00.000Z,2023-05-01T00:00:00.000Z,2708000,After
E2 0,2023-06-01,2,1:03:00,2:05:11,E2 LTN areas,2023-06-01,T00:00:00.000Z,2023-06-01T00:00:00.000Z,180000,After
E2 7,2023-06-01,2,1:01:25,2:34:04,E2 LTN areas,2023-06-01,T00:00:00.000Z,2023-06-01T00:00:00.000Z,85000,After
E2 6,2023-06-01,2,0:53:14,2:04:43,E2 LTN areas,2023-06-01,T00:00:00.000Z,2023-06-01T00:00:00.000Z,3194000,After
E2 9,2023-06-01,2,1:16:13,2:52:27,E2 LTN areas,2023-06-01,T00:00:00.000Z,2023-06-01T00:00:00.000Z,973000,After
E2 7,2023-07-01,2,0:29:10,0:57:47,E2 LTN areas,2023-07-01,T00:00:00.000Z,2023-07-01T00:00:00.000Z,1750000,After
E2 0,2023-07-01,2,0:36:00,1:27:10,E2 LTN areas,2023-07-01,T00:00:00.000Z,2023-07-01T00:00:00.000Z,2160000,After
E2 6,2023-07-01,2,0:28:49,1:11:53,E2 LTN areas,2023-07-01,T00:00:00.000Z,2023-07-01T00:00:00.000Z,1729000,After
E2 9,2023-07-01,2,0:29:39,1:01:28,E2 LTN areas,2023-07-01,T00:00:00.000Z,2023-07-01T00:00:00.000Z,1779000,After
E2 7,2023-08-01,2,0:36:03,1:12:09,E2 LTN areas,2023-08-01,T00:00:00.000Z,2023-08-01T00:00:00.000Z,2163000,After
E2 9,2023-08-01,2,0:41:09,1:20:02,E2 LTN areas,2023-08-01,T00:00:00.000Z,2023-08-01T00:00:00.000Z,2469000,After
E2 0,2023-08-01,2,0:45:26,1:32:01,E2 LTN areas,2023-08-01,T00:00:00.000Z,2023-08-01T00:00:00.000Z,2726000,After
E2 6,2023-08-01,2,0:32:50,1:10:24,E2 LTN areas,2023-08-01,T00:00:00.000Z,2023-08-01T00:00:00.000Z,1970000,After
E2 6,2023-09-01,2,0:46:27,2:00:58,E2 LTN areas,2023-09-01,T00:00:00.000Z,2023-09-01T00:00:00.000Z,2787000,After
E2 9,2023-09-01,2,0:46:05,1:44:49,E2 LTN areas,2023-09-01,T00:00:00.000Z,2023-09-01T00:00:00.000Z,2765000,After
E2 0,2023-09-01,2,0:39:39,1:27:55,E2 LTN areas,2023-09-01,T00:00:00.000Z,2023-09-01T00:00:00.000Z,2379000,After
E2 7,2023-09-01,2,0:45:53,1:35:39,E2 LTN areas,2023-09-01,T00:00:00.000Z,2023-09-01T00:00:00.000Z,2753000,After
E2 0,2023-10-01,2,0:43:27,1:43:19,E2 LTN areas,2023-10-01,T00:00:00.000Z,2023-10-01T00:00:00.000Z,2607000,After
E2 6,2023-10-01,2,0:43:36,1:32:09,E2 LTN areas,2023-10-01,T00:00:00.000Z,2023-10-01T00:00:00.000Z,2616000,After
E2 9,2023-10-01,2,0:44:37,1:33:11,E2 LTN areas,2023-10-01,T00:00:00.000Z,2023-10-01T00:00:00.000Z,2677000,After
E2 7,2023-10-01,2,0:51:53,2:04:49,E2 LTN areas,2023-10-01,T00:00:00.000Z,2023-10-01T00:00:00.000Z,3113000,After
E2 9,2023-11-01,2,0:45:19,1:55:57,E2 LTN areas,2023-11-01,T00:00:00.000Z,2023-11-01T00:00:00.000Z,2719000,After
E2 0,2023-11-01,2,0:47:23,1:46:38,E2 LTN areas,2023-11-01,T00:00:00.000Z,2023-11-01T00:00:00.000Z,2843000,After
E2 6,2023-11-01,2,0:39:55,1:23:11,E2 LTN areas,2023-11-01,T00:00:00.000Z,2023-11-01T00:00:00.000Z,2395000,After
E2 7,2023-11-01,2,0:48:35,1:31:49,E2 LTN areas,2023-11-01,T00:00:00.000Z,2023-11-01T00:00:00.000Z,2915000,After
E2 9,2023-12-01,2,0:51:18,2:05:58,E2 LTN areas,2023-12-01,T00:00:00.000Z,2023-12-01T00:00:00.000Z,3078000,After
E2 6,2023-12-01,2,0:58:00,2:11:26,E2 LTN areas,2023-12-01,T00:00:00.000Z,2023-12-01T00:00:00.000Z,3480000,After
E2 0,2023-12-01,2,0:47:29,1:46:52,E2 LTN areas,2023-12-01,T00:00:00.000Z,2023-12-01T00:00:00.000Z,2849000,After
E2 7,2023-12-01,2,1:00:34,1:49:57,E2 LTN areas,2023-12-01,T00:00:00.000Z,2023-12-01T00:00:00.000Z,34000,After
E2 6,2024-01-01,2,0:41:08,1:21:21,E2 LTN areas,2024-01-01,T00:00:00.000Z,2024-01-01T00:00:00.000Z,2468000,After
E2 0,2024-01-01,2,0:43:26,1:35:34,E2 LTN areas,2024-01-01,T00:00:00.000Z,2024-01-01T00:00:00.000Z,2606000,After
E2 7,2024-01-01,2,0:41:23,1:15:57,E2 LTN areas,2024-01-01,T00:00:00.000Z,2024-01-01T00:00:00.000Z,2483000,After
E2 9,2024-01-01,2,0:51:29,2:10:43,E2 LTN areas,2024-01-01,T00:00:00.000Z,2024-01-01T00:00:00.000Z,3089000,After
E2 6,2024-02-01,2,0:38:59,1:30:45,E2 LTN areas,2024-02-01,T00:00:00.000Z,2024-02-01T00:00:00.000Z,2339000,After
E2 7,2024-02-01,2,0:44:16,1:36:55,E2 LTN areas,2024-02-01,T00:00:00.000Z,2024-02-01T00:00:00.000Z,2656000,After
E2 0,2024-02-01,2,0:40:18,1:22:03,E2 LTN areas,2024-02-01,T00:00:00.000Z,2024-02-01T00:00:00.000Z,2418000,After
E2 9,2024-02-01,2,0:50:11,1:34:10,E2 LTN areas,2024-02-01,T00:00:00.000Z,2024-02-01T00:00:00.000Z,3011000,After
E2 0,2024-03-01,2,0:40:57,1:25:50,E2 LTN areas,2024-03-01,T00:00:00.000Z,2024-03-01T00:00:00.000Z,2457000,After
E2 7,2024-03-01,2,0:46:54,1:34:18,E2 LTN areas,2024-03-01,T00:00:00.000Z,2024-03-01T00:00:00.000Z,2814000,After
E2 6,2024-03-01,2,0:41:31,1:28:39,E2 LTN areas,2024-03-01,T00:00:00.000Z,2024-03-01T00:00:00.000Z,2491000,After
E2 9,2024-03-01,2,0:46:39,1:48:00,E2 LTN areas,2024-03-01,T00:00:00.000Z,2024-03-01T00:00:00.000Z,2799000,After
E2 9,2024-04-01,2,0:38:45,1:21:41,E2 LTN areas,2024-04-01,T00:00:00.000Z,2024-04-01T00:00:00.000Z,2325000,After
E2 7,2024-04-01,2,0:42:01,1:37:56,E2 LTN areas,2024-04-01,T00:00:00.000Z,2024-04-01T00:00:00.000Z,2521000,After
E2 0,2024-04-01,2,0:39:39,1:17:23,E2 LTN areas,2024-04-01,T00:00:00.000Z,2024-04-01T00:00:00.000Z,2379000,After
E2 6,2024-04-01,2,0:33:19,1:12:43,E2 LTN areas,2024-04-01,T00:00:00.000Z,2024-04-01T00:00:00.000Z,1999000,After
E2 6,2024-05-01,2,0:43:45,1:42:36,E2 LTN areas,2024-05-01,T00:00:00.000Z,2024-05-01T00:00:00.000Z,2625000,After
E2 0,2024-05-01,2,0:43:02,1:47:49,E2 LTN areas,2024-05-01,T00:00:00.000Z,2024-05-01T00:00:00.000Z,2582000,After
E2 9,2024-05-01,2,0:48:57,1:35:25,E2 LTN areas,2024-05-01,T00:00:00.000Z,2024-05-01T00:00:00.000Z,2937000,After
E2 7,2024-05-01,2,0:34:28,1:20:22,E2 LTN areas,2024-05-01,T00:00:00.000Z,2024-05-01T00:00:00.000Z,2068000,After
