Area,Date,Category,mean sec,pct_90th_percentile,type,utcdate,time,utctimestamp
TH,2019-06-01,1,00:06:15,00:10:47,Tower Hamlets,2019-06-01,T00:00:00.000Z,2019-06-01T00:00:00.000Z
TH,2019-07-01,1,00:06:23,00:09:56,Tower Hamlets,2019-07-01,T00:00:00.000Z,2019-07-01T00:00:00.000Z
TH,2019-08-01,1,00:05:54,00:09:49,Tower Hamlets,2019-08-01,T00:00:00.000Z,2019-08-01T00:00:00.000Z
TH,2019-09-01,1,00:06:04,00:10:01,Tower Hamlets,2019-09-01,T00:00:00.000Z,2019-09-01T00:00:00.000Z
TH,2019-10-01,1,00:06:42,00:11:05,Tower Hamlets,2019-10-01,T00:00:00.000Z,2019-10-01T00:00:00.000Z
TH,2019-11-01,1,00:06:48,00:11:05,Tower Hamlets,2019-11-01,T00:00:00.000Z,2019-11-01T00:00:00.000Z
TH,2019-12-01,1,00:06:35,00:10:46,Tower Hamlets,2019-12-01,T00:00:00.000Z,2019-12-01T00:00:00.000Z
TH,2020-01-01,1,00:06:27,00:11:07,Tower Hamlets,2020-01-01,T00:00:00.000Z,2020-01-01T00:00:00.000Z
TH,2020-02-01,1,00:06:40,00:10:26,Tower Hamlets,2020-02-01,T00:00:00.000Z,2020-02-01T00:00:00.000Z
TH,2020-03-01,1,00:09:30,00:17:31,Tower Hamlets,2020-03-01,T00:00:00.000Z,2020-03-01T00:00:00.000Z
TH,2020-04-01,1,00:06:42,00:12:25,Tower Hamlets,2020-04-01,T00:00:00.000Z,2020-04-01T00:00:00.000Z
TH,2020-05-01,1,00:05:28,00:09:42,Tower Hamlets,2020-05-01,T00:00:00.000Z,2020-05-01T00:00:00.000Z
TH,2020-06-01,1,00:05:16,00:08:25,Tower Hamlets,2020-06-01,T00:00:00.000Z,2020-06-01T00:00:00.000Z
TH,2020-07-01,1,00:05:46,00:09:43,Tower Hamlets,2020-07-01,T00:00:00.000Z,2020-07-01T00:00:00.000Z
TH,2020-08-01,1,00:05:36,00:09:46,Tower Hamlets,2020-08-01,T00:00:00.000Z,2020-08-01T00:00:00.000Z
TH,2020-09-01,1,00:05:14,00:08:59,Tower Hamlets,2020-09-01,T00:00:00.000Z,2020-09-01T00:00:00.000Z
TH,2020-10-01,1,00:04:50,00:08:24,Tower Hamlets,2020-10-01,T00:00:00.000Z,2020-10-01T00:00:00.000Z
TH,2020-11-01,1,00:05:03,00:08:41,Tower Hamlets,2020-11-01,T00:00:00.000Z,2020-11-01T00:00:00.000Z
TH,2020-12-01,1,00:06:33,00:11:05,Tower Hamlets,2020-12-01,T00:00:00.000Z,2020-12-01T00:00:00.000Z
TH,2021-01-01,1,00:05:55,00:09:18,Tower Hamlets,2021-01-01,T00:00:00.000Z,2021-01-01T00:00:00.000Z
TH,2021-02-01,1,00:05:00,00:08:48,Tower Hamlets,2021-02-01,T00:00:00.000Z,2021-02-01T00:00:00.000Z
TH,2021-03-01,1,00:05:22,00:08:45,Tower Hamlets,2021-03-01,T00:00:00.000Z,2021-03-01T00:00:00.000Z
TH,2021-04-01,1,00:05:37,00:09:20,Tower Hamlets,2021-04-01,T00:00:00.000Z,2021-04-01T00:00:00.000Z
TH,2021-05-01,1,00:05:46,00:10:11,Tower Hamlets,2021-05-01,T00:00:00.000Z,2021-05-01T00:00:00.000Z
TH,2021-06-01,1,00:05:34,00:10:11,Tower Hamlets,2021-06-01,T00:00:00.000Z,2021-06-01T00:00:00.000Z
TH,2021-07-01,1,00:06:33,00:11:22,Tower Hamlets,2021-07-01,T00:00:00.000Z,2021-07-01T00:00:00.000Z
TH,2021-08-01,1,00:06:09,00:10:47,Tower Hamlets,2021-08-01,T00:00:00.000Z,2021-08-01T00:00:00.000Z
TH,2021-09-01,1,00:06:49,00:11:46,Tower Hamlets,2021-09-01,T00:00:00.000Z,2021-09-01T00:00:00.000Z
TH,2021-10-01,1,00:06:40,00:11:27,Tower Hamlets,2021-10-01,T00:00:00.000Z,2021-10-01T00:00:00.000Z
TH,2021-11-01,1,00:06:22,00:10:14,Tower Hamlets,2021-11-01,T00:00:00.000Z,2021-11-01T00:00:00.000Z
TH,2021-12-01,1,00:06:10,00:10:43,Tower Hamlets,2021-12-01,T00:00:00.000Z,2021-12-01T00:00:00.000Z
TH,2022-01-01,1,00:05:51,00:09:06,Tower Hamlets,2022-01-01,T00:00:00.000Z,2022-01-01T00:00:00.000Z
TH,2022-02-01,1,00:06:08,00:09:58,Tower Hamlets,2022-02-01,T00:00:00.000Z,2022-02-01T00:00:00.000Z
TH,2022-03-01,1,00:06:54,00:11:41,Tower Hamlets,2022-03-01,T00:00:00.000Z,2022-03-01T00:00:00.000Z
TH,2022-04-01,1,00:06:02,00:10:23,Tower Hamlets,2022-04-01,T00:00:00.000Z,2022-04-01T00:00:00.000Z
TH,2022-05-01,1,00:06:33,00:11:18,Tower Hamlets,2022-05-01,T00:00:00.000Z,2022-05-01T00:00:00.000Z
TH,2022-06-01,1,00:07:10,00:11:44,Tower Hamlets,2022-06-01,T00:00:00.000Z,2022-06-01T00:00:00.000Z
TH,2022-07-01,1,00:08:02,00:12:48,Tower Hamlets,2022-07-01,T00:00:00.000Z,2022-07-01T00:00:00.000Z
TH,2022-08-01,1,00:06:43,00:11:49,Tower Hamlets,2022-08-01,T00:00:00.000Z,2022-08-01T00:00:00.000Z
TH,2022-09-01,1,00:06:51,00:12:07,Tower Hamlets,2022-09-01,T00:00:00.000Z,2022-09-01T00:00:00.000Z
TH,2022-12-01,1,00:09:54,00:17:33,Tower Hamlets,2022-12-01,T00:00:00.000Z,2022-12-01T00:00:00.000Z
TH,2023-01-01,1,00:07:21,00:12:13,Tower Hamlets,2023-01-01,T00:00:00.000Z,2023-01-01T00:00:00.000Z
TH,2023-02-01,1,00:07:27,00:12:21,Tower Hamlets,2023-02-01,T00:00:00.000Z,2023-02-01T00:00:00.000Z
TH,2023-03-01,1,00:07:50,00:13:40,Tower Hamlets,2023-03-01,T00:00:00.000Z,2023-03-01T00:00:00.000Z
TH,2023-04-01,1,00:07:06,00:12:03,Tower Hamlets,2023-04-01,T00:00:00.000Z,2023-04-01T00:00:00.000Z
TH,2023-05-01,1,00:07:26,00:12:43,Tower Hamlets,2023-05-01,T00:00:00.000Z,2023-05-01T00:00:00.000Z
TH,2023-06-01,1,00:07:43,00:13:16,Tower Hamlets,2023-06-01,T00:00:00.000Z,2023-06-01T00:00:00.000Z
TH,2023-07-01,1,00:06:48,00:11:44,Tower Hamlets,2023-07-01,T00:00:00.000Z,2023-07-01T00:00:00.000Z
TH,2023-08-01,1,00:07:04,00:11:46,Tower Hamlets,2023-08-01,T00:00:00.000Z,2023-08-01T00:00:00.000Z
TH,2023-09-01,1,00:07:30,00:12:00,Tower Hamlets,2023-09-01,T00:00:00.000Z,2023-09-01T00:00:00.000Z
TH,2023-10-01,1,00:06:31,00:11:35,Tower Hamlets,2023-10-01,T00:00:00.000Z,2023-10-01T00:00:00.000Z
TH,2023-11-01,1,00:07:13,00:12:32,Tower Hamlets,2023-11-01,T00:00:00.000Z,2023-11-01T00:00:00.000Z
TH,2023-12-01,1,00:07:39,00:13:28,Tower Hamlets,2023-12-01,T00:00:00.000Z,2023-12-01T00:00:00.000Z
TH,2024-01-01,1,00:07:10,00:12:47,Tower Hamlets,2024-01-01,T00:00:00.000Z,2024-01-01T00:00:00.000Z
TH,2024-02-01,1,00:07:12,00:12:06,Tower Hamlets,2024-02-01,T00:00:00.000Z,2024-02-01T00:00:00.000Z
TH,2024-03-01,1,00:06:43,00:11:11,Tower Hamlets,2024-03-01,T00:00:00.000Z,2024-03-01T00:00:00.000Z
TH,2024-04-01,1,00:06:37,00:11:13,Tower Hamlets,2024-04-01,T00:00:00.000Z,2024-04-01T00:00:00.000Z
TH,2024-05-01,1,00:06:50,00:11:47,Tower Hamlets,2024-05-01,T00:00:00.000Z,2024-05-01T00:00:00.000Z
TH,2019-06-01,2,00:18:44,00:40:27,Tower Hamlets,2019-06-01,T00:00:00.000Z,2019-06-01T00:00:00.000Z
TH,2019-07-01,2,00:17:54,00:36:00,Tower Hamlets,2019-07-01,T00:00:00.000Z,2019-07-01T00:00:00.000Z
TH,2019-08-01,2,00:15:01,00:30:47,Tower Hamlets,2019-08-01,T00:00:00.000Z,2019-08-01T00:00:00.000Z
TH,2019-09-01,2,00:15:33,00:30:51,Tower Hamlets,2019-09-01,T00:00:00.000Z,2019-09-01T00:00:00.000Z
TH,2019-10-01,2,00:17:33,00:35:47,Tower Hamlets,2019-10-01,T00:00:00.000Z,2019-10-01T00:00:00.000Z
TH,2019-11-01,2,00:18:47,00:40:16,Tower Hamlets,2019-11-01,T00:00:00.000Z,2019-11-01T00:00:00.000Z
TH,2019-12-01,2,00:23:10,00:51:33,Tower Hamlets,2019-12-01,T00:00:00.000Z,2019-12-01T00:00:00.000Z
TH,2020-01-01,2,00:16:11,00:32:42,Tower Hamlets,2020-01-01,T00:00:00.000Z,2020-01-01T00:00:00.000Z
TH,2020-02-01,2,00:20:21,00:43:19,Tower Hamlets,2020-02-01,T00:00:00.000Z,2020-02-01T00:00:00.000Z
TH,2020-03-01,2,00:49:30,01:51:58,Tower Hamlets,2020-03-01,T00:00:00.000Z,2020-03-01T00:00:00.000Z
TH,2020-04-01,2,00:19:15,00:45:33,Tower Hamlets,2020-04-01,T00:00:00.000Z,2020-04-01T00:00:00.000Z
TH,2020-05-01,2,00:07:22,00:12:17,Tower Hamlets,2020-05-01,T00:00:00.000Z,2020-05-01T00:00:00.000Z
TH,2020-06-01,2,00:08:20,00:13:52,Tower Hamlets,2020-06-01,T00:00:00.000Z,2020-06-01T00:00:00.000Z
TH,2020-07-01,2,00:09:48,00:17:05,Tower Hamlets,2020-07-01,T00:00:00.000Z,2020-07-01T00:00:00.000Z
TH,2020-08-01,2,00:12:43,00:24:46,Tower Hamlets,2020-08-01,T00:00:00.000Z,2020-08-01T00:00:00.000Z
TH,2020-09-01,2,00:15:22,00:29:38,Tower Hamlets,2020-09-01,T00:00:00.000Z,2020-09-01T00:00:00.000Z
TH,2020-10-01,2,00:13:18,00:25:52,Tower Hamlets,2020-10-01,T00:00:00.000Z,2020-10-01T00:00:00.000Z
TH,2020-11-01,2,00:13:28,00:26:16,Tower Hamlets,2020-11-01,T00:00:00.000Z,2020-11-01T00:00:00.000Z
TH,2020-12-01,2,00:50:03,02:06:27,Tower Hamlets,2020-12-01,T00:00:00.000Z,2020-12-01T00:00:00.000Z
TH,2021-01-01,2,00:45:00,01:57:04,Tower Hamlets,2021-01-01,T00:00:00.000Z,2021-01-01T00:00:00.000Z
TH,2021-02-01,2,00:10:15,00:18:27,Tower Hamlets,2021-02-01,T00:00:00.000Z,2021-02-01T00:00:00.000Z
TH,2021-03-01,2,00:11:42,00:21:51,Tower Hamlets,2021-03-01,T00:00:00.000Z,2021-03-01T00:00:00.000Z
TH,2021-04-01,2,00:16:17,00:33:17,Tower Hamlets,2021-04-01,T00:00:00.000Z,2021-04-01T00:00:00.000Z
TH,2021-05-01,2,00:19:42,00:41:02,Tower Hamlets,2021-05-01,T00:00:00.000Z,2021-05-01T00:00:00.000Z
TH,2021-06-01,2,00:27:53,01:01:26,Tower Hamlets,2021-06-01,T00:00:00.000Z,2021-06-01T00:00:00.000Z
TH,2021-07-01,2,00:45:34,01:43:06,Tower Hamlets,2021-07-01,T00:00:00.000Z,2021-07-01T00:00:00.000Z
TH,2021-08-01,2,00:43:04,01:33:12,Tower Hamlets,2021-08-01,T00:00:00.000Z,2021-08-01T00:00:00.000Z
TH,2021-09-01,2,00:46:28,01:45:16,Tower Hamlets,2021-09-01,T00:00:00.000Z,2021-09-01T00:00:00.000Z
TH,2021-10-01,2,00:52:49,01:48:10,Tower Hamlets,2021-10-01,T00:00:00.000Z,2021-10-01T00:00:00.000Z
TH,2021-11-01,2,00:48:24,01:47:53,Tower Hamlets,2021-11-01,T00:00:00.000Z,2021-11-01T00:00:00.000Z
TH,2021-12-01,2,00:59:22,02:10:27,Tower Hamlets,2021-12-01,T00:00:00.000Z,2021-12-01T00:00:00.000Z
TH,2022-01-01,2,00:36:25,01:20:51,Tower Hamlets,2022-01-01,T00:00:00.000Z,2022-01-01T00:00:00.000Z
TH,2022-02-01,2,00:36:44,01:17:35,Tower Hamlets,2022-02-01,T00:00:00.000Z,2022-02-01T00:00:00.000Z
TH,2022-03-01,2,00:52:46,01:54:46,Tower Hamlets,2022-03-01,T00:00:00.000Z,2022-03-01T00:00:00.000Z
TH,2022-04-01,2,00:40:50,01:38:14,Tower Hamlets,2022-04-01,T00:00:00.000Z,2022-04-01T00:00:00.000Z
TH,2022-05-01,2,00:42:29,01:35:20,Tower Hamlets,2022-05-01,T00:00:00.000Z,2022-05-01T00:00:00.000Z
TH,2022-06-01,2,00:56:53,02:03:03,Tower Hamlets,2022-06-01,T00:00:00.000Z,2022-06-01T00:00:00.000Z
TH,2022-07-01,2,01:01:13,02:15:01,Tower Hamlets,2022-07-01,T00:00:00.000Z,2022-07-01T00:00:00.000Z
TH,2022-08-01,2,00:38:11,01:29:53,Tower Hamlets,2022-08-01,T00:00:00.000Z,2022-08-01T00:00:00.000Z
TH,2022-09-01,2,00:45:31,01:44:31,Tower Hamlets,2022-09-01,T00:00:00.000Z,2022-09-01T00:00:00.000Z
TH,2022-12-01,2,01:20:21,03:08:16,Tower Hamlets,2022-12-01,T00:00:00.000Z,2022-12-01T00:00:00.000Z
TH,2023-01-01,2,00:31:03,01:11:56,Tower Hamlets,2023-01-01,T00:00:00.000Z,2023-01-01T00:00:00.000Z
TH,2023-02-01,2,00:38:20,01:23:43,Tower Hamlets,2023-02-01,T00:00:00.000Z,2023-02-01T00:00:00.000Z
TH,2023-03-01,2,00:46:50,01:40:40,Tower Hamlets,2023-03-01,T00:00:00.000Z,2023-03-01T00:00:00.000Z
TH,2023-04-01,2,00:37:42,01:29:59,Tower Hamlets,2023-04-01,T00:00:00.000Z,2023-04-01T00:00:00.000Z
TH,2023-05-01,2,00:47:08,01:46:57,Tower Hamlets,2023-05-01,T00:00:00.000Z,2023-05-01T00:00:00.000Z
TH,2023-06-01,2,00:58:54,02:16:16,Tower Hamlets,2023-06-01,T00:00:00.000Z,2023-06-01T00:00:00.000Z
TH,2023-07-01,2,00:35:23,01:19:23,Tower Hamlets,2023-07-01,T00:00:00.000Z,2023-07-01T00:00:00.000Z
TH,2023-08-01,2,00:40:40,01:33:24,Tower Hamlets,2023-08-01,T00:00:00.000Z,2023-08-01T00:00:00.000Z
TH,2023-09-01,2,00:45:26,01:45:11,Tower Hamlets,2023-09-01,T00:00:00.000Z,2023-09-01T00:00:00.000Z
TH,2023-10-01,2,00:44:47,01:39:01,Tower Hamlets,2023-10-01,T00:00:00.000Z,2023-10-01T00:00:00.000Z
TH,2023-11-01,2,00:46:15,01:41:09,Tower Hamlets,2023-11-01,T00:00:00.000Z,2023-11-01T00:00:00.000Z
TH,2023-12-01,2,00:57:41,02:13:27,Tower Hamlets,2023-12-01,T00:00:00.000Z,2023-12-01T00:00:00.000Z
TH,2024-01-01,2,00:44:44,01:38:02,Tower Hamlets,2024-01-01,T00:00:00.000Z,2024-01-01T00:00:00.000Z
TH,2024-02-01,2,00:44:41,01:36:34,Tower Hamlets,2024-02-01,T00:00:00.000Z,2024-02-01T00:00:00.000Z
TH,2024-03-01,2,00:44:19,01:36:33,Tower Hamlets,2024-03-01,T00:00:00.000Z,2024-03-01T00:00:00.000Z
TH,2024-04-01,2,00:44:08,01:34:59,Tower Hamlets,2024-04-01,T00:00:00.000Z,2024-04-01T00:00:00.000Z
TH,2024-05-01,2,00:46:41,01:44:07,Tower Hamlets,2024-05-01,T00:00:00.000Z,2024-05-01T00:00:00.000Z
E2,2019-06-01,1,0:05:55,0:10:17,E2 postcode district,2019-06-01,T00:00:00.000Z,2019-06-01T00:00:00.000Z
E2,2019-07-01,1,0:05:03,0:08:16,E2 postcode district,2019-07-01,T00:00:00.000Z,2019-07-01T00:00:00.000Z
E2,2019-08-01,1,0:05:25,0:08:27,E2 postcode district,2019-08-01,T00:00:00.000Z,2019-08-01T00:00:00.000Z
E2,2019-09-01,1,0:04:52,0:08:19,E2 postcode district,2019-09-01,T00:00:00.000Z,2019-09-01T00:00:00.000Z
E2,2019-10-01,1,0:06:20,0:11:24,E2 postcode district,2019-10-01,T00:00:00.000Z,2019-10-01T00:00:00.000Z
E2,2019-11-01,1,0:05:08,0:08:55,E2 postcode district,2019-11-01,T00:00:00.000Z,2019-11-01T00:00:00.000Z
E2,2019-12-01,1,0:06:30,0:10:41,E2 postcode district,2019-12-01,T00:00:00.000Z,2019-12-01T00:00:00.000Z
E2,2020-01-01,1,0:05:33,0:10:10,E2 postcode district,2020-01-01,T00:00:00.000Z,2020-01-01T00:00:00.000Z
E2,2020-02-01,1,0:05:25,0:08:14,E2 postcode district,2020-02-01,T00:00:00.000Z,2020-02-01T00:00:00.000Z
E2,2020-03-01,1,0:08:49,0:17:38,E2 postcode district,2020-03-01,T00:00:00.000Z,2020-03-01T00:00:00.000Z
E2,2020-04-01,1,0:06:11,0:11:53,E2 postcode district,2020-04-01,T00:00:00.000Z,2020-04-01T00:00:00.000Z
E2,2020-05-01,1,0:04:53,0:07:43,E2 postcode district,2020-05-01,T00:00:00.000Z,2020-05-01T00:00:00.000Z
E2,2020-06-01,1,0:04:28,0:07:12,E2 postcode district,2020-06-01,T00:00:00.000Z,2020-06-01T00:00:00.000Z
E2,2020-07-01,1,0:05:03,0:07:57,E2 postcode district,2020-07-01,T00:00:00.000Z,2020-07-01T00:00:00.000Z
E2,2020-08-01,1,0:04:50,0:07:52,E2 postcode district,2020-08-01,T00:00:00.000Z,2020-08-01T00:00:00.000Z
E2,2020-09-01,1,0:04:44,0:07:55,E2 postcode district,2020-09-01,T00:00:00.000Z,2020-09-01T00:00:00.000Z
E2,2020-10-01,1,0:04:15,0:06:24,E2 postcode district,2020-10-01,T00:00:00.000Z,2020-10-01T00:00:00.000Z
E2,2020-11-01,1,0:04:28,0:06:55,E2 postcode district,2020-11-01,T00:00:00.000Z,2020-11-01T00:00:00.000Z
E2,2020-12-01,1,0:05:11,0:08:33,E2 postcode district,2020-12-01,T00:00:00.000Z,2020-12-01T00:00:00.000Z
E2,2021-01-01,1,0:05:14,0:08:07,E2 postcode district,2021-01-01,T00:00:00.000Z,2021-01-01T00:00:00.000Z
E2,2021-02-01,1,0:03:49,0:06:18,E2 postcode district,2021-02-01,T00:00:00.000Z,2021-02-01T00:00:00.000Z
E2,2021-03-01,1,0:04:19,0:06:53,E2 postcode district,2021-03-01,T00:00:00.000Z,2021-03-01T00:00:00.000Z
E2,2021-04-01,1,0:05:11,0:07:54,E2 postcode district,2021-04-01,T00:00:00.000Z,2021-04-01T00:00:00.000Z
E2,2021-05-01,1,0:04:42,0:08:06,E2 postcode district,2021-05-01,T00:00:00.000Z,2021-05-01T00:00:00.000Z
E2,2021-06-01,1,0:05:29,0:09:35,E2 postcode district,2021-06-01,T00:00:00.000Z,2021-06-01T00:00:00.000Z
E2,2021-07-01,1,0:06:13,0:11:27,E2 postcode district,2021-07-01,T00:00:00.000Z,2021-07-01T00:00:00.000Z
E2,2021-08-01,1,0:05:52,0:09:37,E2 postcode district,2021-08-01,T00:00:00.000Z,2021-08-01T00:00:00.000Z
E2,2021-09-01,1,0:05:43,0:08:36,E2 postcode district,2021-09-01,T00:00:00.000Z,2021-09-01T00:00:00.000Z
E2,2021-10-01,1,0:07:09,0:11:40,E2 postcode district,2021-10-01,T00:00:00.000Z,2021-10-01T00:00:00.000Z
E2,2021-11-01,1,0:06:37,0:09:31,E2 postcode district,2021-11-01,T00:00:00.000Z,2021-11-01T00:00:00.000Z
E2,2021-12-01,1,0:06:06,0:11:13,E2 postcode district,2021-12-01,T00:00:00.000Z,2021-12-01T00:00:00.000Z
E2,2022-01-01,1,0:05:49,0:09:31,E2 postcode district,2022-01-01,T00:00:00.000Z,2022-01-01T00:00:00.000Z
E2,2022-02-01,1,0:05:24,0:09:42,E2 postcode district,2022-02-01,T00:00:00.000Z,2022-02-01T00:00:00.000Z
E2,2022-03-01,1,0:06:31,0:11:25,E2 postcode district,2022-03-01,T00:00:00.000Z,2022-03-01T00:00:00.000Z
E2,2022-04-01,1,0:05:09,0:08:26,E2 postcode district,2022-04-01,T00:00:00.000Z,2022-04-01T00:00:00.000Z
E2,2022-05-01,1,0:06:00,0:11:16,E2 postcode district,2022-05-01,T00:00:00.000Z,2022-05-01T00:00:00.000Z
E2,2022-06-01,1,0:08:01,0:10:00,E2 postcode district,2022-06-01,T00:00:00.000Z,2022-06-01T00:00:00.000Z
E2,2022-07-01,1,0:07:28,0:12:03,E2 postcode district,2022-07-01,T00:00:00.000Z,2022-07-01T00:00:00.000Z
E2,2022-08-01,1,0:05:00,0:08:41,E2 postcode district,2022-08-01,T00:00:00.000Z,2022-08-01T00:00:00.000Z
E2,2022-09-01,1,0:05:22,0:08:32,E2 postcode district,2022-09-01,T00:00:00.000Z,2022-09-01T00:00:00.000Z
E2,2022-12-01,1,0:09:23,0:14:36,E2 postcode district,2022-12-01,T00:00:00.000Z,2022-12-01T00:00:00.000Z
E2,2023-01-01,1,0:07:00,0:12:19,E2 postcode district,2023-01-01,T00:00:00.000Z,2023-01-01T00:00:00.000Z
E2,2023-02-01,1,0:06:11,0:10:08,E2 postcode district,2023-02-01,T00:00:00.000Z,2023-02-01T00:00:00.000Z
E2,2023-03-01,1,0:07:24,0:13:01,E2 postcode district,2023-03-01,T00:00:00.000Z,2023-03-01T00:00:00.000Z
E2,2023-04-01,1,0:05:53,0:10:42,E2 postcode district,2023-04-01,T00:00:00.000Z,2023-04-01T00:00:00.000Z
E2,2023-05-01,1,0:06:38,0:10:44,E2 postcode district,2023-05-01,T00:00:00.000Z,2023-05-01T00:00:00.000Z
E2,2023-06-01,1,0:07:20,0:14:28,E2 postcode district,2023-06-01,T00:00:00.000Z,2023-06-01T00:00:00.000Z
E2,2023-07-01,1,0:06:38,0:10:44,E2 postcode district,2023-07-01,T00:00:00.000Z,2023-07-01T00:00:00.000Z
E2,2023-08-01,1,0:06:10,0:09:26,E2 postcode district,2023-08-01,T00:00:00.000Z,2023-08-01T00:00:00.000Z
E2,2023-09-01,1,0:07:04,0:11:40,E2 postcode district,2023-09-01,T00:00:00.000Z,2023-09-01T00:00:00.000Z
E2,2023-10-01,1,0:06:45,0:11:11,E2 postcode district,2023-10-01,T00:00:00.000Z,2023-10-01T00:00:00.000Z
E2,2023-11-01,1,0:07:19,0:11:36,E2 postcode district,2023-11-01,T00:00:00.000Z,2023-11-01T00:00:00.000Z
E2,2023-12-01,1,0:06:19,0:11:48,E2 postcode district,2023-12-01,T00:00:00.000Z,2023-12-01T00:00:00.000Z
E2,2024-01-01,1,0:06:15,0:11:04,E2 postcode district,2024-01-01,T00:00:00.000Z,2024-01-01T00:00:00.000Z
E2,2024-02-01,1,0:06:24,0:11:25,E2 postcode district,2024-02-01,T00:00:00.000Z,2024-02-01T00:00:00.000Z
E2,2024-03-01,1,0:06:27,0:11:17,E2 postcode district,2024-03-01,T00:00:00.000Z,2024-03-01T00:00:00.000Z
E2,2024-04-01,1,0:06:06,0:10:49,E2 postcode district,2024-04-01,T00:00:00.000Z,2024-04-01T00:00:00.000Z
E2,2024-05-01,1,0:05:40,0:08:32,E2 postcode district,2024-05-01,T00:00:00.000Z,2024-05-01T00:00:00.000Z
E2,2019-06-01,2,0:17:46,0:35:51,E2 postcode district,2019-06-01,T00:00:00.000Z,2019-06-01T00:00:00.000Z
E2,2019-07-01,2,0:18:02,0:35:26,E2 postcode district,2019-07-01,T00:00:00.000Z,2019-07-01T00:00:00.000Z
E2,2019-08-01,2,0:14:47,0:29:28,E2 postcode district,2019-08-01,T00:00:00.000Z,2019-08-01T00:00:00.000Z
E2,2019-09-01,2,0:13:52,0:27:32,E2 postcode district,2019-09-01,T00:00:00.000Z,2019-09-01T00:00:00.000Z
E2,2019-10-01,2,0:16:51,0:36:58,E2 postcode district,2019-10-01,T00:00:00.000Z,2019-10-01T00:00:00.000Z
E2,2019-11-01,2,0:18:18,0:39:18,E2 postcode district,2019-11-01,T00:00:00.000Z,2019-11-01T00:00:00.000Z
E2,2019-12-01,2,0:21:49,0:48:41,E2 postcode district,2019-12-01,T00:00:00.000Z,2019-12-01T00:00:00.000Z
E2,2020-01-01,2,0:15:03,0:31:20,E2 postcode district,2020-01-01,T00:00:00.000Z,2020-01-01T00:00:00.000Z
E2,2020-02-01,2,0:19:49,0:43:35,E2 postcode district,2020-02-01,T00:00:00.000Z,2020-02-01T00:00:00.000Z
E2,2020-03-01,2,0:39:04,1:33:07,E2 postcode district,2020-03-01,T00:00:00.000Z,2020-03-01T00:00:00.000Z
E2,2020-04-01,2,0:16:54,0:43:20,E2 postcode district,2020-04-01,T00:00:00.000Z,2020-04-01T00:00:00.000Z
E2,2020-05-01,2,0:06:30,0:10:41,E2 postcode district,2020-05-01,T00:00:00.000Z,2020-05-01T00:00:00.000Z
E2,2020-06-01,2,0:07:41,0:11:47,E2 postcode district,2020-06-01,T00:00:00.000Z,2020-06-01T00:00:00.000Z
E2,2020-07-01,2,0:08:17,0:15:37,E2 postcode district,2020-07-01,T00:00:00.000Z,2020-07-01T00:00:00.000Z
E2,2020-08-01,2,0:12:08,0:24:17,E2 postcode district,2020-08-01,T00:00:00.000Z,2020-08-01T00:00:00.000Z
E2,2020-09-01,2,0:13:32,0:28:27,E2 postcode district,2020-09-01,T00:00:00.000Z,2020-09-01T00:00:00.000Z
E2,2020-10-01,2,0:12:29,0:24:49,E2 postcode district,2020-10-01,T00:00:00.000Z,2020-10-01T00:00:00.000Z
E2,2020-11-01,2,0:12:49,0:25:18,E2 postcode district,2020-11-01,T00:00:00.000Z,2020-11-01T00:00:00.000Z
E2,2020-12-01,2,0:48:35,2:07:06,E2 postcode district,2020-12-01,T00:00:00.000Z,2020-12-01T00:00:00.000Z
E2,2021-01-01,2,0:38:03,1:41:28,E2 postcode district,2021-01-01,T00:00:00.000Z,2021-01-01T00:00:00.000Z
E2,2021-02-01,2,0:09:59,0:17:08,E2 postcode district,2021-02-01,T00:00:00.000Z,2021-02-01T00:00:00.000Z
E2,2021-03-01,2,0:10:26,0:20:17,E2 postcode district,2021-03-01,T00:00:00.000Z,2021-03-01T00:00:00.000Z
E2,2021-04-01,2,0:15:25,0:34:29,E2 postcode district,2021-04-01,T00:00:00.000Z,2021-04-01T00:00:00.000Z
E2,2021-05-01,2,0:18:41,0:39:33,E2 postcode district,2021-05-01,T00:00:00.000Z,2021-05-01T00:00:00.000Z
E2,2021-06-01,2,0:26:09,0:58:09,E2 postcode district,2021-06-01,T00:00:00.000Z,2021-06-01T00:00:00.000Z
E2,2021-07-01,2,0:43:05,1:38:32,E2 postcode district,2021-07-01,T00:00:00.000Z,2021-07-01T00:00:00.000Z
E2,2021-08-01,2,0:39:13,1:27:10,E2 postcode district,2021-08-01,T00:00:00.000Z,2021-08-01T00:00:00.000Z
E2,2021-09-01,2,0:44:10,1:44:21,E2 postcode district,2021-09-01,T00:00:00.000Z,2021-09-01T00:00:00.000Z
E2,2021-10-01,2,0:49:59,1:37:30,E2 postcode district,2021-10-01,T00:00:00.000Z,2021-10-01T00:00:00.000Z
E2,2021-11-01,2,0:43:55,1:36:54,E2 postcode district,2021-11-01,T00:00:00.000Z,2021-11-01T00:00:00.000Z
E2,2021-12-01,2,0:56:48,2:08:14,E2 postcode district,2021-12-01,T00:00:00.000Z,2021-12-01T00:00:00.000Z
E2,2022-01-01,2,0:30:21,1:09:30,E2 postcode district,2022-01-01,T00:00:00.000Z,2022-01-01T00:00:00.000Z
E2,2022-02-01,2,0:31:58,1:11:23,E2 postcode district,2022-02-01,T00:00:00.000Z,2022-02-01T00:00:00.000Z
E2,2022-03-01,2,0:48:15,1:47:32,E2 postcode district,2022-03-01,T00:00:00.000Z,2022-03-01T00:00:00.000Z
E2,2022-04-01,2,0:37:25,1:31:06,E2 postcode district,2022-04-01,T00:00:00.000Z,2022-04-01T00:00:00.000Z
E2,2022-05-01,2,0:40:28,1:32:44,E2 postcode district,2022-05-01,T00:00:00.000Z,2022-05-01T00:00:00.000Z
E2,2022-06-01,2,0:56:36,2:05:42,E2 postcode district,2022-06-01,T00:00:00.000Z,2022-06-01T00:00:00.000Z
E2,2022-07-01,2,1:01:12,2:10:53,E2 postcode district,2022-07-01,T00:00:00.000Z,2022-07-01T00:00:00.000Z
E2,2022-08-01,2,0:35:59,1:27:23,E2 postcode district,2022-08-01,T00:00:00.000Z,2022-08-01T00:00:00.000Z
E2,2022-09-01,2,0:42:16,1:47:02,E2 postcode district,2022-09-01,T00:00:00.000Z,2022-09-01T00:00:00.000Z
E2,2022-12-01,2,1:11:46,2:47:36,E2 postcode district,2022-12-01,T00:00:00.000Z,2022-12-01T00:00:00.000Z
E2,2023-01-01,2,0:28:37,1:09:05,E2 postcode district,2023-01-01,T00:00:00.000Z,2023-01-01T00:00:00.000Z
E2,2023-02-01,2,0:35:30,1:16:11,E2 postcode district,2023-02-01,T00:00:00.000Z,2023-02-01T00:00:00.000Z
E2,2023-03-01,2,0:44:37,1:39:08,E2 postcode district,2023-03-01,T00:00:00.000Z,2023-03-01T00:00:00.000Z
E2,2023-04-01,2,0:37:16,1:30:02,E2 postcode district,2023-04-01,T00:00:00.000Z,2023-04-01T00:00:00.000Z
E2,2023-05-01,2,0:45:17,1:46:08,E2 postcode district,2023-05-01,T00:00:00.000Z,2023-05-01T00:00:00.000Z
E2,2023-06-01,2,1:02:12,2:34:03,E2 postcode district,2023-06-01,T00:00:00.000Z,2023-06-01T00:00:00.000Z
E2,2023-07-01,2,0:32:33,1:14:52,E2 postcode district,2023-07-01,T00:00:00.000Z,2023-07-01T00:00:00.000Z
E2,2023-08-01,2,0:40:00,1:23:05,E2 postcode district,2023-08-01,T00:00:00.000Z,2023-08-01T00:00:00.000Z
E2,2023-09-01,2,0:42:46,1:40:24,E2 postcode district,2023-09-01,T00:00:00.000Z,2023-09-01T00:00:00.000Z
E2,2023-10-01,2,0:46:38,1:44:51,E2 postcode district,2023-10-01,T00:00:00.000Z,2023-10-01T00:00:00.000Z
E2,2023-11-01,2,0:45:11,1:47:18,E2 postcode district,2023-11-01,T00:00:00.000Z,2023-11-01T00:00:00.000Z
E2,2023-12-01,2,0:54:45,2:00:25,E2 postcode district,2023-12-01,T00:00:00.000Z,2023-12-01T00:00:00.000Z
E2,2024-01-01,2,0:44:16,1:35:45,E2 postcode district,2024-01-01,T00:00:00.000Z,2024-01-01T00:00:00.000Z
E2,2024-02-01,2,0:43:48,1:32:35,E2 postcode district,2024-02-01,T00:00:00.000Z,2024-02-01T00:00:00.000Z
E2,2024-03-01,2,0:43:03,1:35:04,E2 postcode district,2024-03-01,T00:00:00.000Z,2024-03-01T00:00:00.000Z
E2,2024-04-01,2,0:38:58,1:22:48,E2 postcode district,2024-04-01,T00:00:00.000Z,2024-04-01T00:00:00.000Z
E2,2024-05-01,2,0:42:28,1:38:33,E2 postcode district,2024-05-01,T00:00:00.000Z,2024-05-01T00:00:00.000Z
E2 7,2019-06-01,1,0:06:07,0:10:08,E2 LTN areas,2019-06-01,T00:00:00.000Z,2019-06-01T00:00:00.000Z
E2 0,2019-06-01,1,0:05:37,0:08:23,E2 LTN areas,2019-06-01,T00:00:00.000Z,2019-06-01T00:00:00.000Z
E2 6,2019-06-01,1,0:06:00,0:11:26,E2 LTN areas,2019-06-01,T00:00:00.000Z,2019-06-01T00:00:00.000Z
E2 9,2019-06-01,1,0:06:35,0:09:49,E2 LTN areas,2019-06-01,T00:00:00.000Z,2019-06-01T00:00:00.000Z
E2 7,2019-07-01,1,0:04:57,0:08:26,E2 LTN areas,2019-07-01,T00:00:00.000Z,2019-07-01T00:00:00.000Z
E2 0,2019-07-01,1,0:05:20,0:07:26,E2 LTN areas,2019-07-01,T00:00:00.000Z,2019-07-01T00:00:00.000Z
E2 9,2019-07-01,1,0:04:39,0:07:34,E2 LTN areas,2019-07-01,T00:00:00.000Z,2019-07-01T00:00:00.000Z
E2 6,2019-07-01,1,0:05:50,0:09:48,E2 LTN areas,2019-07-01,T00:00:00.000Z,2019-07-01T00:00:00.000Z
E2 9,2019-08-01,1,0:05:56,0:08:00,E2 LTN areas,2019-08-01,T00:00:00.000Z,2019-08-01T00:00:00.000Z
E2 0,2019-08-01,1,0:04:58,0:06:55,E2 LTN areas,2019-08-01,T00:00:00.000Z,2019-08-01T00:00:00.000Z
E2 7,2019-08-01,1,0:04:40,0:07:18,E2 LTN areas,2019-08-01,T00:00:00.000Z,2019-08-01T00:00:00.000Z
E2 6,2019-08-01,1,0:06:10,0:10:04,E2 LTN areas,2019-08-01,T00:00:00.000Z,2019-08-01T00:00:00.000Z
E2 7,2019-09-01,1,0:04:26,0:06:36,E2 LTN areas,2019-09-01,T00:00:00.000Z,2019-09-01T00:00:00.000Z
E2 6,2019-09-01,1,0:04:04,0:07:44,E2 LTN areas,2019-09-01,T00:00:00.000Z,2019-09-01T00:00:00.000Z
E2 9,2019-09-01,1,0:05:02,0:08:10,E2 LTN areas,2019-09-01,T00:00:00.000Z,2019-09-01T00:00:00.000Z
E2 0,2019-09-01,1,0:05:53,0:09:39,E2 LTN areas,2019-09-01,T00:00:00.000Z,2019-09-01T00:00:00.000Z
E2 7,2019-10-01,1,0:07:09,0:15:47,E2 LTN areas,2019-10-01,T00:00:00.000Z,2019-10-01T00:00:00.000Z
E2 6,2019-10-01,1,0:05:39,0:08:10,E2 LTN areas,2019-10-01,T00:00:00.000Z,2019-10-01T00:00:00.000Z
E2 0,2019-10-01,1,0:05:05,0:07:27,E2 LTN areas,2019-10-01,T00:00:00.000Z,2019-10-01T00:00:00.000Z
E2 9,2019-10-01,1,0:08:15,0:11:27,E2 LTN areas,2019-10-01,T00:00:00.000Z,2019-10-01T00:00:00.000Z
E2 7,2019-11-01,1,0:05:00,0:08:08,E2 LTN areas,2019-11-01,T00:00:00.000Z,2019-11-01T00:00:00.000Z
E2 0,2019-11-01,1,0:05:22,0:06:54,E2 LTN areas,2019-11-01,T00:00:00.000Z,2019-11-01T00:00:00.000Z
E2 9,2019-11-01,1,0:05:39,0:09:36,E2 LTN areas,2019-11-01,T00:00:00.000Z,2019-11-01T00:00:00.000Z
E2 6,2019-11-01,1,0:04:34,0:07:10,E2 LTN areas,2019-11-01,T00:00:00.000Z,2019-11-01T00:00:00.000Z
E2 6,2019-12-01,1,0:05:39,0:08:55,E2 LTN areas,2019-12-01,T00:00:00.000Z,2019-12-01T00:00:00.000Z
E2 0,2019-12-01,1,0:06:08,0:08:43,E2 LTN areas,2019-12-01,T00:00:00.000Z,2019-12-01T00:00:00.000Z
E2 7,2019-12-01,1,0:06:57,0:12:21,E2 LTN areas,2019-12-01,T00:00:00.000Z,2019-12-01T00:00:00.000Z
E2 9,2019-12-01,1,0:06:01,0:08:24,E2 LTN areas,2019-12-01,T00:00:00.000Z,2019-12-01T00:00:00.000Z
E2 9,2020-01-01,1,0:05:31,0:08:39,E2 LTN areas,2020-01-01,T00:00:00.000Z,2020-01-01T00:00:00.000Z
E2 6,2020-01-01,1,0:05:45,0:10:14,E2 LTN areas,2020-01-01,T00:00:00.000Z,2020-01-01T00:00:00.000Z
E2 0,2020-01-01,1,0:05:58,0:09:29,E2 LTN areas,2020-01-01,T00:00:00.000Z,2020-01-01T00:00:00.000Z
E2 7,2020-01-01,1,0:05:08,0:08:09,E2 LTN areas,2020-01-01,T00:00:00.000Z,2020-01-01T00:00:00.000Z
E2 7,2020-02-01,1,0:05:20,0:08:03,E2 LTN areas,2020-02-01,T00:00:00.000Z,2020-02-01T00:00:00.000Z
E2 9,2020-02-01,1,0:06:23,0:08:13,E2 LTN areas,2020-02-01,T00:00:00.000Z,2020-02-01T00:00:00.000Z
E2 0,2020-02-01,1,0:04:56,0:08:16,E2 LTN areas,2020-02-01,T00:00:00.000Z,2020-02-01T00:00:00.000Z
E2 6,2020-02-01,1,0:05:30,0:06:45,E2 LTN areas,2020-02-01,T00:00:00.000Z,2020-02-01T00:00:00.000Z
E2 9,2020-03-01,1,0:07:23,0:07:52,E2 LTN areas,2020-03-01,T00:00:00.000Z,2020-03-01T00:00:00.000Z
E2 6,2020-03-01,1,0:08:18,0:17:02,E2 LTN areas,2020-03-01,T00:00:00.000Z,2020-03-01T00:00:00.000Z
E2 7,2020-03-01,1,0:14:00,0:28:00,E2 LTN areas,2020-03-01,T00:00:00.000Z,2020-03-01T00:00:00.000Z
E2 0,2020-03-01,1,0:07:24,0:12:43,E2 LTN areas,2020-03-01,T00:00:00.000Z,2020-03-01T00:00:00.000Z
E2 6,2020-04-01,1,0:04:44,0:07:09,E2 LTN areas,2020-04-01,T00:00:00.000Z,2020-04-01T00:00:00.000Z
E2 0,2020-04-01,1,0:06:30,0:11:21,E2 LTN areas,2020-04-01,T00:00:00.000Z,2020-04-01T00:00:00.000Z
E2 9,2020-04-01,1,0:07:23,0:10:21,E2 LTN areas,2020-04-01,T00:00:00.000Z,2020-04-01T00:00:00.000Z
E2 7,2020-04-01,1,0:08:36,0:13:30,E2 LTN areas,2020-04-01,T00:00:00.000Z,2020-04-01T00:00:00.000Z
E2 7,2020-05-01,1,0:03:23,0:06:49,E2 LTN areas,2020-05-01,T00:00:00.000Z,2020-05-01T00:00:00.000Z
E2 6,2020-05-01,1,0:05:39,0:08:35,E2 LTN areas,2020-05-01,T00:00:00.000Z,2020-05-01T00:00:00.000Z
E2 0,2020-05-01,1,0:04:27,0:05:35,E2 LTN areas,2020-05-01,T00:00:00.000Z,2020-05-01T00:00:00.000Z
E2 9,2020-05-01,1,0:04:30,0:07:01,E2 LTN areas,2020-05-01,T00:00:00.000Z,2020-05-01T00:00:00.000Z
E2 0,2020-06-01,1,0:04:34,0:06:47,E2 LTN areas,2020-06-01,T00:00:00.000Z,2020-06-01T00:00:00.000Z
E2 6,2020-06-01,1,0:04:18,0:07:44,E2 LTN areas,2020-06-01,T00:00:00.000Z,2020-06-01T00:00:00.000Z
E2 7,2020-06-01,1,0:07:07,0:08:12,E2 LTN areas,2020-06-01,T00:00:00.000Z,2020-06-01T00:00:00.000Z
E2 9,2020-06-01,1,0:03:27,0:04:42,E2 LTN areas,2020-06-01,T00:00:00.000Z,2020-06-01T00:00:00.000Z
E2 9,2020-07-01,1,0:07:26,0:10:26,E2 LTN areas,2020-07-01,T00:00:00.000Z,2020-07-01T00:00:00.000Z
E2 0,2020-07-01,1,0:04:52,0:06:17,E2 LTN areas,2020-07-01,T00:00:00.000Z,2020-07-01T00:00:00.000Z
E2 7,2020-07-01,1,0:04:19,0:09:23,E2 LTN areas,2020-07-01,T00:00:00.000Z,2020-07-01T00:00:00.000Z
E2 6,2020-07-01,1,0:04:18,0:06:12,E2 LTN areas,2020-07-01,T00:00:00.000Z,2020-07-01T00:00:00.000Z
E2 0,2020-08-01,1,0:03:55,0:05:36,E2 LTN areas,2020-08-01,T00:00:00.000Z,2020-08-01T00:00:00.000Z
E2 7,2020-08-01,1,0:05:43,0:09:18,E2 LTN areas,2020-08-01,T00:00:00.000Z,2020-08-01T00:00:00.000Z
E2 6,2020-08-01,1,0:05:19,0:07:27,E2 LTN areas,2020-08-01,T00:00:00.000Z,2020-08-01T00:00:00.000Z
E2 9,2020-08-01,1,0:04:15,0:06:11,E2 LTN areas,2020-08-01,T00:00:00.000Z,2020-08-01T00:00:00.000Z
E2 6,2020-09-01,1,0:05:18,0:07:31,E2 LTN areas,2020-09-01,T00:00:00.000Z,2020-09-01T00:00:00.000Z
E2 0,2020-09-01,1,0:04:02,0:07:03,E2 LTN areas,2020-09-01,T00:00:00.000Z,2020-09-01T00:00:00.000Z
E2 7,2020-09-01,1,0:01:59,0:03:20,E2 LTN areas,2020-09-01,T00:00:00.000Z,2020-09-01T00:00:00.000Z
E2 9,2020-09-01,1,0:04:21,0:05:31,E2 LTN areas,2020-09-01,T00:00:00.000Z,2020-09-01T00:00:00.000Z
E2 6,2020-10-01,1,0:04:16,0:06:06,E2 LTN areas,2020-10-01,T00:00:00.000Z,2020-10-01T00:00:00.000Z
E2 0,2020-10-01,1,0:03:15,0:04:52,E2 LTN areas,2020-10-01,T00:00:00.000Z,2020-10-01T00:00:00.000Z
E2 9,2020-10-01,1,0:04:38,0:06:25,E2 LTN areas,2020-10-01,T00:00:00.000Z,2020-10-01T00:00:00.000Z
E2 7,2020-10-01,1,0:04:11,0:06:01,E2 LTN areas,2020-10-01,T00:00:00.000Z,2020-10-01T00:00:00.000Z
E2 0,2020-11-01,1,0:04:44,0:06:05,E2 LTN areas,2020-11-01,T00:00:00.000Z,2020-11-01T00:00:00.000Z
E2 9,2020-11-01,1,0:04:01,0:06:27,E2 LTN areas,2020-11-01,T00:00:00.000Z,2020-11-01T00:00:00.000Z
E2 6,2020-11-01,1,0:04:48,0:07:40,E2 LTN areas,2020-11-01,T00:00:00.000Z,2020-11-01T00:00:00.000Z
E2 7,2020-11-01,1,0:03:26,0:05:13,E2 LTN areas,2020-11-01,T00:00:00.000Z,2020-11-01T00:00:00.000Z
E2 0,2020-12-01,1,0:03:19,0:04:35,E2 LTN areas,2020-12-01,T00:00:00.000Z,2020-12-01T00:00:00.000Z
E2 7,2020-12-01,1,0:04:29,0:07:45,E2 LTN areas,2020-12-01,T00:00:00.000Z,2020-12-01T00:00:00.000Z
E2 6,2020-12-01,1,0:05:17,0:07:27,E2 LTN areas,2020-12-01,T00:00:00.000Z,2020-12-01T00:00:00.000Z
E2 9,2020-12-01,1,0:06:38,0:13:01,E2 LTN areas,2020-12-01,T00:00:00.000Z,2020-12-01T00:00:00.000Z
E2 0,2021-01-01,1,0:04:25,0:05:57,E2 LTN areas,2021-01-01,T00:00:00.000Z,2021-01-01T00:00:00.000Z
E2 7,2021-01-01,1,0:05:26,0:09:48,E2 LTN areas,2021-01-01,T00:00:00.000Z,2021-01-01T00:00:00.000Z
E2 6,2021-01-01,1,0:04:45,0:08:53,E2 LTN areas,2021-01-01,T00:00:00.000Z,2021-01-01T00:00:00.000Z
E2 9,2021-01-01,1,0:06:49,0:07:37,E2 LTN areas,2021-01-01,T00:00:00.000Z,2021-01-01T00:00:00.000Z
E2 6,2021-02-01,1,0:04:33,0:05:02,E2 LTN areas,2021-02-01,T00:00:00.000Z,2021-02-01T00:00:00.000Z
E2 0,2021-02-01,1,0:03:03,0:06:07,E2 LTN areas,2021-02-01,T00:00:00.000Z,2021-02-01T00:00:00.000Z
E2 7,2021-02-01,1,0:04:52,0:08:20,E2 LTN areas,2021-02-01,T00:00:00.000Z,2021-02-01T00:00:00.000Z
E2 9,2021-02-01,1,0:03:18,0:04:18,E2 LTN areas,2021-02-01,T00:00:00.000Z,2021-02-01T00:00:00.000Z
E2 6,2021-03-01,1,0:04:28,0:06:21,E2 LTN areas,2021-03-01,T00:00:00.000Z,2021-03-01T00:00:00.000Z
E2 9,2021-03-01,1,0:03:49,0:06:24,E2 LTN areas,2021-03-01,T00:00:00.000Z,2021-03-01T00:00:00.000Z
E2 0,2021-03-01,1,0:04:53,0:06:36,E2 LTN areas,2021-03-01,T00:00:00.000Z,2021-03-01T00:00:00.000Z
E2 7,2021-03-01,1,0:05:01,0:06:53,E2 LTN areas,2021-03-01,T00:00:00.000Z,2021-03-01T00:00:00.000Z
E2 9,2021-04-01,1,0:04:16,0:06:04,E2 LTN areas,2021-04-01,T00:00:00.000Z,2021-04-01T00:00:00.000Z
E2 0,2021-04-01,1,0:06:10,0:08:00,E2 LTN areas,2021-04-01,T00:00:00.000Z,2021-04-01T00:00:00.000Z
E2 6,2021-04-01,1,0:05:39,0:07:54,E2 LTN areas,2021-04-01,T00:00:00.000Z,2021-04-01T00:00:00.000Z
E2 7,2021-04-01,1,0:02:46,0:04:52,E2 LTN areas,2021-04-01,T00:00:00.000Z,2021-04-01T00:00:00.000Z
E2 0,2021-05-01,1,0:04:18,0:06:42,E2 LTN areas,2021-05-01,T00:00:00.000Z,2021-05-01T00:00:00.000Z
E2 9,2021-05-01,1,0:04:55,0:07:40,E2 LTN areas,2021-05-01,T00:00:00.000Z,2021-05-01T00:00:00.000Z
E2 7,2021-05-01,1,0:05:40,0:09:36,E2 LTN areas,2021-05-01,T00:00:00.000Z,2021-05-01T00:00:00.000Z
E2 6,2021-05-01,1,0:04:39,0:06:09,E2 LTN areas,2021-05-01,T00:00:00.000Z,2021-05-01T00:00:00.000Z
E2 9,2021-06-01,1,0:04:24,0:09:00,E2 LTN areas,2021-06-01,T00:00:00.000Z,2021-06-01T00:00:00.000Z
E2 6,2021-06-01,1,0:05:54,0:09:36,E2 LTN areas,2021-06-01,T00:00:00.000Z,2021-06-01T00:00:00.000Z
E2 0,2021-06-01,1,0:06:02,0:10:21,E2 LTN areas,2021-06-01,T00:00:00.000Z,2021-06-01T00:00:00.000Z
E2 7,2021-06-01,1,0:04:49,0:07:52,E2 LTN areas,2021-06-01,T00:00:00.000Z,2021-06-01T00:00:00.000Z
E2 0,2021-07-01,1,0:07:00,0:11:42,E2 LTN areas,2021-07-01,T00:00:00.000Z,2021-07-01T00:00:00.000Z
E2 9,2021-07-01,1,0:05:04,0:07:57,E2 LTN areas,2021-07-01,T00:00:00.000Z,2021-07-01T00:00:00.000Z
E2 6,2021-07-01,1,0:06:27,0:10:52,E2 LTN areas,2021-07-01,T00:00:00.000Z,2021-07-01T00:00:00.000Z
E2 7,2021-07-01,1,0:06:31,0:13:07,E2 LTN areas,2021-07-01,T00:00:00.000Z,2021-07-01T00:00:00.000Z
E2 0,2021-08-01,1,0:04:24,0:06:18,E2 LTN areas,2021-08-01,T00:00:00.000Z,2021-08-01T00:00:00.000Z
E2 9,2021-08-01,1,0:06:19,0:09:58,E2 LTN areas,2021-08-01,T00:00:00.000Z,2021-08-01T00:00:00.000Z
E2 6,2021-08-01,1,0:05:05,0:07:11,E2 LTN areas,2021-08-01,T00:00:00.000Z,2021-08-01T00:00:00.000Z
E2 7,2021-08-01,1,0:06:59,0:10:04,E2 LTN areas,2021-08-01,T00:00:00.000Z,2021-08-01T00:00:00.000Z
E2 0,2021-09-01,1,0:04:38,0:07:15,E2 LTN areas,2021-09-01,T00:00:00.000Z,2021-09-01T00:00:00.000Z
E2 6,2021-09-01,1,0:06:24,0:13:05,E2 LTN areas,2021-09-01,T00:00:00.000Z,2021-09-01T00:00:00.000Z
E2 7,2021-09-01,1,0:07:30,0:11:49,E2 LTN areas,2021-09-01,T00:00:00.000Z,2021-09-01T00:00:00.000Z
E2 9,2021-09-01,1,0:05:50,0:08:37,E2 LTN areas,2021-09-01,T00:00:00.000Z,2021-09-01T00:00:00.000Z
E2 0,2021-10-01,1,0:06:00,0:07:48,E2 LTN areas,2021-10-01,T00:00:00.000Z,2021-10-01T00:00:00.000Z
E2 9,2021-10-01,1,0:07:26,0:10:13,E2 LTN areas,2021-10-01,T00:00:00.000Z,2021-10-01T00:00:00.000Z
E2 6,2021-10-01,1,0:07:23,0:14:12,E2 LTN areas,2021-10-01,T00:00:00.000Z,2021-10-01T00:00:00.000Z
E2 7,2021-10-01,1,0:06:56,0:10:23,E2 LTN areas,2021-10-01,T00:00:00.000Z,2021-10-01T00:00:00.000Z
E2 6,2021-11-01,1,0:05:24,0:08:14,E2 LTN areas,2021-11-01,T00:00:00.000Z,2021-11-01T00:00:00.000Z
E2 0,2021-11-01,1,0:05:44,0:09:34,E2 LTN areas,2021-11-01,T00:00:00.000Z,2021-11-01T00:00:00.000Z
E2 9,2021-11-01,1,0:11:04,0:13:02,E2 LTN areas,2021-11-01,T00:00:00.000Z,2021-11-01T00:00:00.000Z
E2 7,2021-11-01,1,0:05:35,0:09:14,E2 LTN areas,2021-11-01,T00:00:00.000Z,2021-11-01T00:00:00.000Z
E2 6,2021-12-01,1,0:07:25,0:12:19,E2 LTN areas,2021-12-01,T00:00:00.000Z,2021-12-01T00:00:00.000Z
E2 7,2021-12-01,1,0:05:20,0:06:25,E2 LTN areas,2021-12-01,T00:00:00.000Z,2021-12-01T00:00:00.000Z
E2 0,2021-12-01,1,0:06:30,0:11:23,E2 LTN areas,2021-12-01,T00:00:00.000Z,2021-12-01T00:00:00.000Z
E2 9,2021-12-01,1,0:05:50,0:08:37,E2 LTN areas,2021-12-01,T00:00:00.000Z,2021-12-01T00:00:00.000Z
E2 6,2022-01-01,1,0:05:20,0:07:35,E2 LTN areas,2022-01-01,T00:00:00.000Z,2022-01-01T00:00:00.000Z
E2 0,2022-01-01,1,0:04:36,0:07:10,E2 LTN areas,2022-01-01,T00:00:00.000Z,2022-01-01T00:00:00.000Z
E2 7,2022-01-01,1,0:06:27,0:11:42,E2 LTN areas,2022-01-01,T00:00:00.000Z,2022-01-01T00:00:00.000Z
E2 9,2022-01-01,1,0:06:40,0:10:13,E2 LTN areas,2022-01-01,T00:00:00.000Z,2022-01-01T00:00:00.000Z
E2 6,2022-02-01,1,0:05:29,0:09:44,E2 LTN areas,2022-02-01,T00:00:00.000Z,2022-02-01T00:00:00.000Z
E2 7,2022-02-01,1,0:05:23,0:07:48,E2 LTN areas,2022-02-01,T00:00:00.000Z,2022-02-01T00:00:00.000Z
E2 0,2022-02-01,1,0:04:45,0:09:01,E2 LTN areas,2022-02-01,T00:00:00.000Z,2022-02-01T00:00:00.000Z
E2 9,2022-02-01,1,0:05:42,0:07:58,E2 LTN areas,2022-02-01,T00:00:00.000Z,2022-02-01T00:00:00.000Z
E2 0,2022-03-01,1,0:07:00,0:11:49,E2 LTN areas,2022-03-01,T00:00:00.000Z,2022-03-01T00:00:00.000Z
E2 6,2022-03-01,1,0:06:18,0:08:23,E2 LTN areas,2022-03-01,T00:00:00.000Z,2022-03-01T00:00:00.000Z
E2 9,2022-03-01,1,0:04:53,0:07:34,E2 LTN areas,2022-03-01,T00:00:00.000Z,2022-03-01T00:00:00.000Z
E2 7,2022-03-01,1,0:06:58,0:12:04,E2 LTN areas,2022-03-01,T00:00:00.000Z,2022-03-01T00:00:00.000Z
E2 9,2022-04-01,1,0:04:43,0:07:41,E2 LTN areas,2022-04-01,T00:00:00.000Z,2022-04-01T00:00:00.000Z
E2 7,2022-04-01,1,0:05:08,0:07:06,E2 LTN areas,2022-04-01,T00:00:00.000Z,2022-04-01T00:00:00.000Z
E2 6,2022-04-01,1,0:05:36,0:08:54,E2 LTN areas,2022-04-01,T00:00:00.000Z,2022-04-01T00:00:00.000Z
E2 0,2022-04-01,1,0:05:33,0:10:48,E2 LTN areas,2022-04-01,T00:00:00.000Z,2022-04-01T00:00:00.000Z
E2 7,2022-05-01,1,0:04:56,0:10:57,E2 LTN areas,2022-05-01,T00:00:00.000Z,2022-05-01T00:00:00.000Z
E2 6,2022-05-01,1,0:04:36,0:07:35,E2 LTN areas,2022-05-01,T00:00:00.000Z,2022-05-01T00:00:00.000Z
E2 0,2022-05-01,1,0:06:38,0:11:24,E2 LTN areas,2022-05-01,T00:00:00.000Z,2022-05-01T00:00:00.000Z
E2 9,2022-05-01,1,0:05:53,0:09:36,E2 LTN areas,2022-05-01,T00:00:00.000Z,2022-05-01T00:00:00.000Z
E2 0,2022-06-01,1,0:09:53,0:13:39,E2 LTN areas,2022-06-01,T00:00:00.000Z,2022-06-01T00:00:00.000Z
E2 9,2022-06-01,1,0:05:32,0:09:14,E2 LTN areas,2022-06-01,T00:00:00.000Z,2022-06-01T00:00:00.000Z
E2 6,2022-06-01,1,0:06:34,0:09:59,E2 LTN areas,2022-06-01,T00:00:00.000Z,2022-06-01T00:00:00.000Z
E2 7,2022-06-01,1,0:19:09,0:31:27,E2 LTN areas,2022-06-01,T00:00:00.000Z,2022-06-01T00:00:00.000Z
E2 9,2022-07-01,1,0:06:39,0:10:42,E2 LTN areas,2022-07-01,T00:00:00.000Z,2022-07-01T00:00:00.000Z
E2 6,2022-07-01,1,0:07:12,0:12:43,E2 LTN areas,2022-07-01,T00:00:00.000Z,2022-07-01T00:00:00.000Z
E2 0,2022-07-01,1,0:07:55,0:14:12,E2 LTN areas,2022-07-01,T00:00:00.000Z,2022-07-01T00:00:00.000Z
E2 7,2022-07-01,1,0:08:10,0:11:56,E2 LTN areas,2022-07-01,T00:00:00.000Z,2022-07-01T00:00:00.000Z
E2 6,2022-08-01,1,0:04:07,0:07:13,E2 LTN areas,2022-08-01,T00:00:00.000Z,2022-08-01T00:00:00.000Z
E2 0,2022-08-01,1,0:05:21,0:07:58,E2 LTN areas,2022-08-01,T00:00:00.000Z,2022-08-01T00:00:00.000Z
E2 7,2022-08-01,1,0:05:06,0:09:00,E2 LTN areas,2022-08-01,T00:00:00.000Z,2022-08-01T00:00:00.000Z
E2 9,2022-08-01,1,0:05:07,0:11:03,E2 LTN areas,2022-08-01,T00:00:00.000Z,2022-08-01T00:00:00.000Z
E2 6,2022-09-01,1,0:05:48,0:09:15,E2 LTN areas,2022-09-01,T00:00:00.000Z,2022-09-01T00:00:00.000Z
E2 7,2022-09-01,1,0:05:53,0:08:41,E2 LTN areas,2022-09-01,T00:00:00.000Z,2022-09-01T00:00:00.000Z
E2 0,2022-09-01,1,0:04:44,0:07:41,E2 LTN areas,2022-09-01,T00:00:00.000Z,2022-09-01T00:00:00.000Z
E2 9,2022-09-01,1,0:05:40,0:10:14,E2 LTN areas,2022-09-01,T00:00:00.000Z,2022-09-01T00:00:00.000Z
E2 6,2022-12-01,1,0:11:46,0:19:54,E2 LTN areas,2022-12-01,T00:00:00.000Z,2022-12-01T00:00:00.000Z
E2 0,2022-12-01,1,0:07:25,0:12:07,E2 LTN areas,2022-12-01,T00:00:00.000Z,2022-12-01T00:00:00.000Z
E2 9,2022-12-01,1,0:09:50,0:15:23,E2 LTN areas,2022-12-01,T00:00:00.000Z,2022-12-01T00:00:00.000Z
E2 7,2022-12-01,1,0:09:36,0:14:10,E2 LTN areas,2022-12-01,T00:00:00.000Z,2022-12-01T00:00:00.000Z
E2 9,2023-01-01,1,0:07:46,0:12:28,E2 LTN areas,2023-01-01,T00:00:00.000Z,2023-01-01T00:00:00.000Z
E2 6,2023-01-01,1,0:06:02,0:10:38,E2 LTN areas,2023-01-01,T00:00:00.000Z,2023-01-01T00:00:00.000Z
E2 0,2023-01-01,1,0:07:27,0:12:33,E2 LTN areas,2023-01-01,T00:00:00.000Z,2023-01-01T00:00:00.000Z
E2 7,2023-01-01,1,0:05:56,0:09:42,E2 LTN areas,2023-01-01,T00:00:00.000Z,2023-01-01T00:00:00.000Z
E2 7,2023-02-01,1,0:05:12,0:08:30,E2 LTN areas,2023-02-01,T00:00:00.000Z,2023-02-01T00:00:00.000Z
E2 0,2023-02-01,1,0:06:37,0:08:56,E2 LTN areas,2023-02-01,T00:00:00.000Z,2023-02-01T00:00:00.000Z
E2 6,2023-02-01,1,0:05:38,0:09:45,E2 LTN areas,2023-02-01,T00:00:00.000Z,2023-02-01T00:00:00.000Z
E2 9,2023-02-01,1,0:07:09,0:11:46,E2 LTN areas,2023-02-01,T00:00:00.000Z,2023-02-01T00:00:00.000Z
E2 6,2023-03-01,1,0:07:28,0:11:10,E2 LTN areas,2023-03-01,T00:00:00.000Z,2023-03-01T00:00:00.000Z
E2 9,2023-03-01,1,0:06:16,0:11:18,E2 LTN areas,2023-03-01,T00:00:00.000Z,2023-03-01T00:00:00.000Z
E2 0,2023-03-01,1,0:05:58,0:09:49,E2 LTN areas,2023-03-01,T00:00:00.000Z,2023-03-01T00:00:00.000Z
E2 7,2023-03-01,1,0:09:03,0:13:24,E2 LTN areas,2023-03-01,T00:00:00.000Z,2023-03-01T00:00:00.000Z
E2 7,2023-04-01,1,0:06:23,0:07:47,E2 LTN areas,2023-04-01,T00:00:00.000Z,2023-04-01T00:00:00.000Z
E2 0,2023-04-01,1,0:07:27,0:17:12,E2 LTN areas,2023-04-01,T00:00:00.000Z,2023-04-01T00:00:00.000Z
E2 6,2023-04-01,1,0:04:37,0:06:52,E2 LTN areas,2023-04-01,T00:00:00.000Z,2023-04-01T00:00:00.000Z
E2 9,2023-04-01,1,0:05:23,0:10:13,E2 LTN areas,2023-04-01,T00:00:00.000Z,2023-04-01T00:00:00.000Z
E2 0,2023-05-01,1,0:05:22,0:09:31,E2 LTN areas,2023-05-01,T00:00:00.000Z,2023-05-01T00:00:00.000Z
E2 9,2023-05-01,1,0:05:23,0:09:49,E2 LTN areas,2023-05-01,T00:00:00.000Z,2023-05-01T00:00:00.000Z
E2 7,2023-05-01,1,0:07:51,0:09:44,E2 LTN areas,2023-05-01,T00:00:00.000Z,2023-05-01T00:00:00.000Z
E2 6,2023-05-01,1,0:07:05,0:14:05,E2 LTN areas,2023-05-01,T00:00:00.000Z,2023-05-01T00:00:00.000Z
E2 0,2023-06-01,1,0:06:55,0:13:09,E2 LTN areas,2023-06-01,T00:00:00.000Z,2023-06-01T00:00:00.000Z
E2 7,2023-06-01,1,0:06:42,0:09:47,E2 LTN areas,2023-06-01,T00:00:00.000Z,2023-06-01T00:00:00.000Z
E2 6,2023-06-01,1,0:08:49,0:17:14,E2 LTN areas,2023-06-01,T00:00:00.000Z,2023-06-01T00:00:00.000Z
E2 9,2023-06-01,1,0:07:44,0:14:38,E2 LTN areas,2023-06-01,T00:00:00.000Z,2023-06-01T00:00:00.000Z
E2 7,2023-07-01,1,0:06:14,0:10:34,E2 LTN areas,2023-07-01,T00:00:00.000Z,2023-07-01T00:00:00.000Z
E2 0,2023-07-01,1,0:06:25,0:11:04,E2 LTN areas,2023-07-01,T00:00:00.000Z,2023-07-01T00:00:00.000Z
E2 6,2023-07-01,1,0:07:32,0:09:17,E2 LTN areas,2023-07-01,T00:00:00.000Z,2023-07-01T00:00:00.000Z
E2 9,2023-07-01,1,0:05:33,0:08:10,E2 LTN areas,2023-07-01,T00:00:00.000Z,2023-07-01T00:00:00.000Z
E2 7,2023-08-01,1,0:06:56,0:11:49,E2 LTN areas,2023-08-01,T00:00:00.000Z,2023-08-01T00:00:00.000Z
E2 9,2023-08-01,1,0:05:03,0:09:04,E2 LTN areas,2023-08-01,T00:00:00.000Z,2023-08-01T00:00:00.000Z
E2 0,2023-08-01,1,0:05:33,0:08:37,E2 LTN areas,2023-08-01,T00:00:00.000Z,2023-08-01T00:00:00.000Z
E2 6,2023-08-01,1,0:06:50,0:08:39,E2 LTN areas,2023-08-01,T00:00:00.000Z,2023-08-01T00:00:00.000Z
E2 6,2023-09-01,1,0:06:56,0:11:23,E2 LTN areas,2023-09-01,T00:00:00.000Z,2023-09-01T00:00:00.000Z
E2 9,2023-09-01,1,0:07:25,0:16:05,E2 LTN areas,2023-09-01,T00:00:00.000Z,2023-09-01T00:00:00.000Z
E2 0,2023-09-01,1,0:06:04,0:09:38,E2 LTN areas,2023-09-01,T00:00:00.000Z,2023-09-01T00:00:00.000Z
E2 7,2023-09-01,1,0:07:58,0:11:45,E2 LTN areas,2023-09-01,T00:00:00.000Z,2023-09-01T00:00:00.000Z
E2 0,2023-10-01,1,0:07:52,0:11:24,E2 LTN areas,2023-10-01,T00:00:00.000Z,2023-10-01T00:00:00.000Z
E2 6,2023-10-01,1,0:07:05,0:13:13,E2 LTN areas,2023-10-01,T00:00:00.000Z,2023-10-01T00:00:00.000Z
E2 9,2023-10-01,1,0:06:12,0:11:31,E2 LTN areas,2023-10-01,T00:00:00.000Z,2023-10-01T00:00:00.000Z
E2 7,2023-10-01,1,0:05:16,0:07:16,E2 LTN areas,2023-10-01,T00:00:00.000Z,2023-10-01T00:00:00.000Z
E2 9,2023-11-01,1,0:07:18,0:14:28,E2 LTN areas,2023-11-01,T00:00:00.000Z,2023-11-01T00:00:00.000Z
E2 0,2023-11-01,1,0:07:52,0:12:16,E2 LTN areas,2023-11-01,T00:00:00.000Z,2023-11-01T00:00:00.000Z
E2 6,2023-11-01,1,0:08:00,0:09:54,E2 LTN areas,2023-11-01,T00:00:00.000Z,2023-11-01T00:00:00.000Z
E2 7,2023-11-01,1,0:05:20,0:07:48,E2 LTN areas,2023-11-01,T00:00:00.000Z,2023-11-01T00:00:00.000Z
E2 9,2023-12-01,1,0:05:20,0:08:09,E2 LTN areas,2023-12-01,T00:00:00.000Z,2023-12-01T00:00:00.000Z
E2 6,2023-12-01,1,0:07:02,0:13:20,E2 LTN areas,2023-12-01,T00:00:00.000Z,2023-12-01T00:00:00.000Z
E2 0,2023-12-01,1,0:06:03,0:07:53,E2 LTN areas,2023-12-01,T00:00:00.000Z,2023-12-01T00:00:00.000Z
E2 7,2023-12-01,1,0:07:32,0:12:27,E2 LTN areas,2023-12-01,T00:00:00.000Z,2023-12-01T00:00:00.000Z
E2 6,2024-01-01,1,0:05:19,0:08:41,E2 LTN areas,2024-01-01,T00:00:00.000Z,2024-01-01T00:00:00.000Z
E2 0,2024-01-01,1,0:06:51,0:13:49,E2 LTN areas,2024-01-01,T00:00:00.000Z,2024-01-01T00:00:00.000Z
E2 7,2024-01-01,1,0:07:22,0:10:11,E2 LTN areas,2024-01-01,T00:00:00.000Z,2024-01-01T00:00:00.000Z
E2 9,2024-01-01,1,0:07:02,0:10:13,E2 LTN areas,2024-01-01,T00:00:00.000Z,2024-01-01T00:00:00.000Z
E2 6,2024-02-01,1,0:05:31,0:09:42,E2 LTN areas,2024-02-01,T00:00:00.000Z,2024-02-01T00:00:00.000Z
E2 7,2024-02-01,1,0:06:09,0:09:14,E2 LTN areas,2024-02-01,T00:00:00.000Z,2024-02-01T00:00:00.000Z
E2 0,2024-02-01,1,0:06:52,0:11:43,E2 LTN areas,2024-02-01,T00:00:00.000Z,2024-02-01T00:00:00.000Z
E2 9,2024-02-01,1,0:04:47,0:07:57,E2 LTN areas,2024-02-01,T00:00:00.000Z,2024-02-01T00:00:00.000Z
E2 0,2024-03-01,1,0:06:09,0:09:19,E2 LTN areas,2024-03-01,T00:00:00.000Z,2024-03-01T00:00:00.000Z
E2 7,2024-03-01,1,0:05:41,0:09:27,E2 LTN areas,2024-03-01,T00:00:00.000Z,2024-03-01T00:00:00.000Z
E2 6,2024-03-01,1,0:07:25,0:11:39,E2 LTN areas,2024-03-01,T00:00:00.000Z,2024-03-01T00:00:00.000Z
E2 9,2024-03-01,1,0:06:42,0:11:49,E2 LTN areas,2024-03-01,T00:00:00.000Z,2024-03-01T00:00:00.000Z
E2 9,2024-04-01,1,0:07:23,0:14:20,E2 LTN areas,2024-04-01,T00:00:00.000Z,2024-04-01T00:00:00.000Z
E2 7,2024-04-01,1,0:05:40,0:09:08,E2 LTN areas,2024-04-01,T00:00:00.000Z,2024-04-01T00:00:00.000Z
E2 0,2024-04-01,1,0:04:48,0:09:07,E2 LTN areas,2024-04-01,T00:00:00.000Z,2024-04-01T00:00:00.000Z
E2 6,2024-04-01,1,0:06:22,0:11:11,E2 LTN areas,2024-04-01,T00:00:00.000Z,2024-04-01T00:00:00.000Z
E2 6,2024-05-01,1,0:05:17,0:07:28,E2 LTN areas,2024-05-01,T00:00:00.000Z,2024-05-01T00:00:00.000Z
E2 0,2024-05-01,1,0:06:31,0:12:30,E2 LTN areas,2024-05-01,T00:00:00.000Z,2024-05-01T00:00:00.000Z
E2 9,2024-05-01,1,0:04:15,0:07:51,E2 LTN areas,2024-05-01,T00:00:00.000Z,2024-05-01T00:00:00.000Z
E2 7,2024-05-01,1,0:07:18,0:08:56,E2 LTN areas,2024-05-01,T00:00:00.000Z,2024-05-01T00:00:00.000Z
E2 7,2019-06-01,2,0:17:06,0:27:46,E2 LTN areas,2019-06-01,T00:00:00.000Z,2019-06-01T00:00:00.000Z
E2 0,2019-06-01,2,0:17:16,0:38:13,E2 LTN areas,2019-06-01,T00:00:00.000Z,2019-06-01T00:00:00.000Z
E2 6,2019-06-01,2,0:16:43,0:30:46,E2 LTN areas,2019-06-01,T00:00:00.000Z,2019-06-01T00:00:00.000Z
E2 9,2019-06-01,2,0:19:30,0:40:36,E2 LTN areas,2019-06-01,T00:00:00.000Z,2019-06-01T00:00:00.000Z
E2 7,2019-07-01,2,0:16:03,0:33:31,E2 LTN areas,2019-07-01,T00:00:00.000Z,2019-07-01T00:00:00.000Z
E2 0,2019-07-01,2,0:18:01,0:42:25,E2 LTN areas,2019-07-01,T00:00:00.000Z,2019-07-01T00:00:00.000Z
E2 9,2019-07-01,2,0:18:38,0:40:21,E2 LTN areas,2019-07-01,T00:00:00.000Z,2019-07-01T00:00:00.000Z
E2 6,2019-07-01,2,0:18:01,0:33:45,E2 LTN areas,2019-07-01,T00:00:00.000Z,2019-07-01T00:00:00.000Z
E2 9,2019-08-01,2,0:16:06,0:37:29,E2 LTN areas,2019-08-01,T00:00:00.000Z,2019-08-01T00:00:00.000Z
E2 0,2019-08-01,2,0:14:15,0:30:20,E2 LTN areas,2019-08-01,T00:00:00.000Z,2019-08-01T00:00:00.000Z
E2 7,2019-08-01,2,0:14:49,0:29:17,E2 LTN areas,2019-08-01,T00:00:00.000Z,2019-08-01T00:00:00.000Z
E2 6,2019-08-01,2,0:14:25,0:28:08,E2 LTN areas,2019-08-01,T00:00:00.000Z,2019-08-01T00:00:00.000Z
E2 7,2019-09-01,2,0:13:33,0:29:22,E2 LTN areas,2019-09-01,T00:00:00.000Z,2019-09-01T00:00:00.000Z
E2 6,2019-09-01,2,0:14:38,0:28:10,E2 LTN areas,2019-09-01,T00:00:00.000Z,2019-09-01T00:00:00.000Z
E2 9,2019-09-01,2,0:12:36,0:23:44,E2 LTN areas,2019-09-01,T00:00:00.000Z,2019-09-01T00:00:00.000Z
E2 0,2019-09-01,2,0:14:10,0:26:09,E2 LTN areas,2019-09-01,T00:00:00.000Z,2019-09-01T00:00:00.000Z
E2 7,2019-10-01,2,0:16:05,0:32:24,E2 LTN areas,2019-10-01,T00:00:00.000Z,2019-10-01T00:00:00.000Z
E2 6,2019-10-01,2,0:15:53,0:29:37,E2 LTN areas,2019-10-01,T00:00:00.000Z,2019-10-01T00:00:00.000Z
E2 0,2019-10-01,2,0:18:48,0:46:32,E2 LTN areas,2019-10-01,T00:00:00.000Z,2019-10-01T00:00:00.000Z
E2 9,2019-10-01,2,0:18:50,0:42:14,E2 LTN areas,2019-10-01,T00:00:00.000Z,2019-10-01T00:00:00.000Z
E2 7,2019-11-01,2,0:17:05,0:33:39,E2 LTN areas,2019-11-01,T00:00:00.000Z,2019-11-01T00:00:00.000Z
E2 0,2019-11-01,2,0:19:51,0:40:16,E2 LTN areas,2019-11-01,T00:00:00.000Z,2019-11-01T00:00:00.000Z
E2 9,2019-11-01,2,0:19:41,0:37:32,E2 LTN areas,2019-11-01,T00:00:00.000Z,2019-11-01T00:00:00.000Z
E2 6,2019-11-01,2,0:16:39,0:35:29,E2 LTN areas,2019-11-01,T00:00:00.000Z,2019-11-01T00:00:00.000Z
E2 6,2019-12-01,2,0:22:05,0:48:08,E2 LTN areas,2019-12-01,T00:00:00.000Z,2019-12-01T00:00:00.000Z
E2 0,2019-12-01,2,0:20:54,0:43:58,E2 LTN areas,2019-12-01,T00:00:00.000Z,2019-12-01T00:00:00.000Z
E2 7,2019-12-01,2,0:20:49,0:49:22,E2 LTN areas,2019-12-01,T00:00:00.000Z,2019-12-01T00:00:00.000Z
E2 9,2019-12-01,2,0:21:18,0:44:06,E2 LTN areas,2019-12-01,T00:00:00.000Z,2019-12-01T00:00:00.000Z
E2 9,2020-01-01,2,0:14:21,0:31:33,E2 LTN areas,2020-01-01,T00:00:00.000Z,2020-01-01T00:00:00.000Z
E2 6,2020-01-01,2,0:14:13,0:28:04,E2 LTN areas,2020-01-01,T00:00:00.000Z,2020-01-01T00:00:00.000Z
E2 0,2020-01-01,2,0:15:44,0:36:19,E2 LTN areas,2020-01-01,T00:00:00.000Z,2020-01-01T00:00:00.000Z
E2 7,2020-01-01,2,0:17:08,0:33:40,E2 LTN areas,2020-01-01,T00:00:00.000Z,2020-01-01T00:00:00.000Z
E2 7,2020-02-01,2,0:18:06,0:34:31,E2 LTN areas,2020-02-01,T00:00:00.000Z,2020-02-01T00:00:00.000Z
E2 9,2020-02-01,2,0:19:04,0:36:47,E2 LTN areas,2020-02-01,T00:00:00.000Z,2020-02-01T00:00:00.000Z
E2 0,2020-02-01,2,0:19:31,0:43:40,E2 LTN areas,2020-02-01,T00:00:00.000Z,2020-02-01T00:00:00.000Z
E2 6,2020-02-01,2,0:21:48,0:48:52,E2 LTN areas,2020-02-01,T00:00:00.000Z,2020-02-01T00:00:00.000Z
E2 9,2020-03-01,2,0:36:33,1:22:36,E2 LTN areas,2020-03-01,T00:00:00.000Z,2020-03-01T00:00:00.000Z
E2 6,2020-03-01,2,0:39:47,1:29:40,E2 LTN areas,2020-03-01,T00:00:00.000Z,2020-03-01T00:00:00.000Z
E2 7,2020-03-01,2,0:43:45,1:43:59,E2 LTN areas,2020-03-01,T00:00:00.000Z,2020-03-01T00:00:00.000Z
E2 0,2020-03-01,2,0:33:53,1:26:14,E2 LTN areas,2020-03-01,T00:00:00.000Z,2020-03-01T00:00:00.000Z
E2 6,2020-04-01,2,0:18:43,0:41:34,E2 LTN areas,2020-04-01,T00:00:00.000Z,2020-04-01T00:00:00.000Z
E2 0,2020-04-01,2,0:20:34,0:47:07,E2 LTN areas,2020-04-01,T00:00:00.000Z,2020-04-01T00:00:00.000Z
E2 9,2020-04-01,2,0:12:19,0:25:39,E2 LTN areas,2020-04-01,T00:00:00.000Z,2020-04-01T00:00:00.000Z
E2 7,2020-04-01,2,0:17:40,0:42:39,E2 LTN areas,2020-04-01,T00:00:00.000Z,2020-04-01T00:00:00.000Z
E2 7,2020-05-01,2,0:05:31,0:09:10,E2 LTN areas,2020-05-01,T00:00:00.000Z,2020-05-01T00:00:00.000Z
E2 6,2020-05-01,2,0:06:38,0:11:08,E2 LTN areas,2020-05-01,T00:00:00.000Z,2020-05-01T00:00:00.000Z
E2 0,2020-05-01,2,0:07:08,0:10:32,E2 LTN areas,2020-05-01,T00:00:00.000Z,2020-05-01T00:00:00.000Z
E2 9,2020-05-01,2,0:05:32,0:08:01,E2 LTN areas,2020-05-01,T00:00:00.000Z,2020-05-01T00:00:00.000Z
E2 0,2020-06-01,2,0:07:02,0:11:10,E2 LTN areas,2020-06-01,T00:00:00.000Z,2020-06-01T00:00:00.000Z
E2 6,2020-06-01,2,0:07:15,0:10:50,E2 LTN areas,2020-06-01,T00:00:00.000Z,2020-06-01T00:00:00.000Z
E2 7,2020-06-01,2,0:08:28,0:13:29,E2 LTN areas,2020-06-01,T00:00:00.000Z,2020-06-01T00:00:00.000Z
E2 9,2020-06-01,2,0:07:34,0:11:47,E2 LTN areas,2020-06-01,T00:00:00.000Z,2020-06-01T00:00:00.000Z
E2 9,2020-07-01,2,0:08:07,0:14:51,E2 LTN areas,2020-07-01,T00:00:00.000Z,2020-07-01T00:00:00.000Z
E2 0,2020-07-01,2,0:08:27,0:17:56,E2 LTN areas,2020-07-01,T00:00:00.000Z,2020-07-01T00:00:00.000Z
E2 7,2020-07-01,2,0:07:13,0:12:30,E2 LTN areas,2020-07-01,T00:00:00.000Z,2020-07-01T00:00:00.000Z
E2 6,2020-07-01,2,0:08:55,0:17:08,E2 LTN areas,2020-07-01,T00:00:00.000Z,2020-07-01T00:00:00.000Z
E2 0,2020-08-01,2,0:13:38,0:25:20,E2 LTN areas,2020-08-01,T00:00:00.000Z,2020-08-01T00:00:00.000Z
E2 7,2020-08-01,2,0:10:57,0:20:38,E2 LTN areas,2020-08-01,T00:00:00.000Z,2020-08-01T00:00:00.000Z
E2 6,2020-08-01,2,0:12:47,0:24:56,E2 LTN areas,2020-08-01,T00:00:00.000Z,2020-08-01T00:00:00.000Z
E2 9,2020-08-01,2,0:11:05,0:19:28,E2 LTN areas,2020-08-01,T00:00:00.000Z,2020-08-01T00:00:00.000Z
E2 6,2020-09-01,2,0:14:10,0:24:37,E2 LTN areas,2020-09-01,T00:00:00.000Z,2020-09-01T00:00:00.000Z
E2 0,2020-09-01,2,0:13:41,0:30:27,E2 LTN areas,2020-09-01,T00:00:00.000Z,2020-09-01T00:00:00.000Z
E2 7,2020-09-01,2,0:10:32,0:17:28,E2 LTN areas,2020-09-01,T00:00:00.000Z,2020-09-01T00:00:00.000Z
E2 9,2020-09-01,2,0:13:18,0:29:18,E2 LTN areas,2020-09-01,T00:00:00.000Z,2020-09-01T00:00:00.000Z
E2 6,2020-10-01,2,0:13:31,0:24:00,E2 LTN areas,2020-10-01,T00:00:00.000Z,2020-10-01T00:00:00.000Z
E2 0,2020-10-01,2,0:11:32,0:24:16,E2 LTN areas,2020-10-01,T00:00:00.000Z,2020-10-01T00:00:00.000Z
E2 9,2020-10-01,2,0:11:50,0:26:15,E2 LTN areas,2020-10-01,T00:00:00.000Z,2020-10-01T00:00:00.000Z
E2 7,2020-10-01,2,0:14:07,0:31:13,E2 LTN areas,2020-10-01,T00:00:00.000Z,2020-10-01T00:00:00.000Z
E2 0,2020-11-01,2,0:12:37,0:22:42,E2 LTN areas,2020-11-01,T00:00:00.000Z,2020-11-01T00:00:00.000Z
E2 9,2020-11-01,2,0:11:36,0:20:13,E2 LTN areas,2020-11-01,T00:00:00.000Z,2020-11-01T00:00:00.000Z
E2 6,2020-11-01,2,0:13:40,0:25:34,E2 LTN areas,2020-11-01,T00:00:00.000Z,2020-11-01T00:00:00.000Z
E2 7,2020-11-01,2,0:12:30,0:26:21,E2 LTN areas,2020-11-01,T00:00:00.000Z,2020-11-01T00:00:00.000Z
E2 0,2020-12-01,2,0:51:20,2:02:17,E2 LTN areas,2020-12-01,T00:00:00.000Z,2020-12-01T00:00:00.000Z
E2 7,2020-12-01,2,0:33:18,1:10:46,E2 LTN areas,2020-12-01,T00:00:00.000Z,2020-12-01T00:00:00.000Z
E2 6,2020-12-01,2,0:59:59,2:40:49,E2 LTN areas,2020-12-01,T00:00:00.000Z,2020-12-01T00:00:00.000Z
E2 9,2020-12-01,2,0:48:00,1:51:06,E2 LTN areas,2020-12-01,T00:00:00.000Z,2020-12-01T00:00:00.000Z
E2 0,2021-01-01,2,0:37:58,1:32:17,E2 LTN areas,2021-01-01,T00:00:00.000Z,2021-01-01T00:00:00.000Z
E2 7,2021-01-01,2,0:40:05,1:48:53,E2 LTN areas,2021-01-01,T00:00:00.000Z,2021-01-01T00:00:00.000Z
E2 6,2021-01-01,2,0:39:22,1:40:23,E2 LTN areas,2021-01-01,T00:00:00.000Z,2021-01-01T00:00:00.000Z
E2 9,2021-01-01,2,0:32:30,1:19:14,E2 LTN areas,2021-01-01,T00:00:00.000Z,2021-01-01T00:00:00.000Z
E2 6,2021-02-01,2,0:11:36,0:17:07,E2 LTN areas,2021-02-01,T00:00:00.000Z,2021-02-01T00:00:00.000Z
E2 0,2021-02-01,2,0:09:42,0:18:56,E2 LTN areas,2021-02-01,T00:00:00.000Z,2021-02-01T00:00:00.000Z
E2 7,2021-02-01,2,0:10:11,0:16:24,E2 LTN areas,2021-02-01,T00:00:00.000Z,2021-02-01T00:00:00.000Z
E2 9,2021-02-01,2,0:09:13,0:15:00,E2 LTN areas,2021-02-01,T00:00:00.000Z,2021-02-01T00:00:00.000Z
E2 6,2021-03-01,2,0:09:31,0:17:36,E2 LTN areas,2021-03-01,T00:00:00.000Z,2021-03-01T00:00:00.000Z
E2 9,2021-03-01,2,0:11:36,0:25:20,E2 LTN areas,2021-03-01,T00:00:00.000Z,2021-03-01T00:00:00.000Z
E2 0,2021-03-01,2,0:10:02,0:21:13,E2 LTN areas,2021-03-01,T00:00:00.000Z,2021-03-01T00:00:00.000Z
E2 7,2021-03-01,2,0:10:48,0:17:10,E2 LTN areas,2021-03-01,T00:00:00.000Z,2021-03-01T00:00:00.000Z
E2 9,2021-04-01,2,0:13:08,0:27:38,E2 LTN areas,2021-04-01,T00:00:00.000Z,2021-04-01T00:00:00.000Z
E2 0,2021-04-01,2,0:13:14,0:23:37,E2 LTN areas,2021-04-01,T00:00:00.000Z,2021-04-01T00:00:00.000Z
E2 6,2021-04-01,2,0:17:36,0:38:18,E2 LTN areas,2021-04-01,T00:00:00.000Z,2021-04-01T00:00:00.000Z
E2 7,2021-04-01,2,0:15:51,0:34:00,E2 LTN areas,2021-04-01,T00:00:00.000Z,2021-04-01T00:00:00.000Z
E2 0,2021-05-01,2,0:19:21,0:38:36,E2 LTN areas,2021-05-01,T00:00:00.000Z,2021-05-01T00:00:00.000Z
E2 9,2021-05-01,2,0:16:04,0:33:52,E2 LTN areas,2021-05-01,T00:00:00.000Z,2021-05-01T00:00:00.000Z
E2 7,2021-05-01,2,0:21:00,0:44:52,E2 LTN areas,2021-05-01,T00:00:00.000Z,2021-05-01T00:00:00.000Z
E2 6,2021-05-01,2,0:17:16,0:36:19,E2 LTN areas,2021-05-01,T00:00:00.000Z,2021-05-01T00:00:00.000Z
E2 9,2021-06-01,2,0:22:51,0:49:35,E2 LTN areas,2021-06-01,T00:00:00.000Z,2021-06-01T00:00:00.000Z
E2 6,2021-06-01,2,0:33:05,1:10:48,E2 LTN areas,2021-06-01,T00:00:00.000Z,2021-06-01T00:00:00.000Z
E2 0,2021-06-01,2,0:23:43,0:45:19,E2 LTN areas,2021-06-01,T00:00:00.000Z,2021-06-01T00:00:00.000Z
E2 7,2021-06-01,2,0:22:50,0:51:33,E2 LTN areas,2021-06-01,T00:00:00.000Z,2021-06-01T00:00:00.000Z
E2 0,2021-07-01,2,0:47:07,1:56:13,E2 LTN areas,2021-07-01,T00:00:00.000Z,2021-07-01T00:00:00.000Z
E2 9,2021-07-01,2,0:44:59,1:36:08,E2 LTN areas,2021-07-01,T00:00:00.000Z,2021-07-01T00:00:00.000Z
E2 6,2021-07-01,2,0:41:34,1:37:10,E2 LTN areas,2021-07-01,T00:00:00.000Z,2021-07-01T00:00:00.000Z
E2 7,2021-07-01,2,0:37:44,1:11:31,E2 LTN areas,2021-07-01,T00:00:00.000Z,2021-07-01T00:00:00.000Z
E2 0,2021-08-01,2,0:43:11,1:31:08,E2 LTN areas,2021-08-01,T00:00:00.000Z,2021-08-01T00:00:00.000Z
E2 9,2021-08-01,2,0:35:03,1:25:46,E2 LTN areas,2021-08-01,T00:00:00.000Z,2021-08-01T00:00:00.000Z
E2 6,2021-08-01,2,0:44:47,1:28:47,E2 LTN areas,2021-08-01,T00:00:00.000Z,2021-08-01T00:00:00.000Z
E2 7,2021-08-01,2,0:34:06,1:15:24,E2 LTN areas,2021-08-01,T00:00:00.000Z,2021-08-01T00:00:00.000Z
E2 0,2021-09-01,2,0:42:09,1:44:22,E2 LTN areas,2021-09-01,T00:00:00.000Z,2021-09-01T00:00:00.000Z
E2 6,2021-09-01,2,0:40:56,1:31:04,E2 LTN areas,2021-09-01,T00:00:00.000Z,2021-09-01T00:00:00.000Z
E2 7,2021-09-01,2,0:47:46,1:51:55,E2 LTN areas,2021-09-01,T00:00:00.000Z,2021-09-01T00:00:00.000Z
E2 9,2021-09-01,2,0:44:04,1:39:13,E2 LTN areas,2021-09-01,T00:00:00.000Z,2021-09-01T00:00:00.000Z
E2 0,2021-10-01,2,0:54:00,1:43:55,E2 LTN areas,2021-10-01,T00:00:00.000Z,2021-10-01T00:00:00.000Z
E2 9,2021-10-01,2,0:48:38,1:41:51,E2 LTN areas,2021-10-01,T00:00:00.000Z,2021-10-01T00:00:00.000Z
E2 6,2021-10-01,2,0:48:15,1:31:48,E2 LTN areas,2021-10-01,T00:00:00.000Z,2021-10-01T00:00:00.000Z
E2 7,2021-10-01,2,0:46:44,1:25:36,E2 LTN areas,2021-10-01,T00:00:00.000Z,2021-10-01T00:00:00.000Z
E2 6,2021-11-01,2,0:45:59,1:44:59,E2 LTN areas,2021-11-01,T00:00:00.000Z,2021-11-01T00:00:00.000Z
E2 0,2021-11-01,2,0:48:48,1:35:37,E2 LTN areas,2021-11-01,T00:00:00.000Z,2021-11-01T00:00:00.000Z
E2 9,2021-11-01,2,0:43:46,1:48:06,E2 LTN areas,2021-11-01,T00:00:00.000Z,2021-11-01T00:00:00.000Z
E2 7,2021-11-01,2,0:34:42,1:04:32,E2 LTN areas,2021-11-01,T00:00:00.000Z,2021-11-01T00:00:00.000Z
E2 6,2021-12-01,2,0:58:00,1:58:09,E2 LTN areas,2021-12-01,T00:00:00.000Z,2021-12-01T00:00:00.000Z
E2 7,2021-12-01,2,0:53:33,1:55:55,E2 LTN areas,2021-12-01,T00:00:00.000Z,2021-12-01T00:00:00.000Z
E2 0,2021-12-01,2,0:56:34,2:15:32,E2 LTN areas,2021-12-01,T00:00:00.000Z,2021-12-01T00:00:00.000Z
E2 9,2021-12-01,2,1:04:22,2:23:58,E2 LTN areas,2021-12-01,T00:00:00.000Z,2021-12-01T00:00:00.000Z
E2 6,2022-01-01,2,0:29:59,1:10:57,E2 LTN areas,2022-01-01,T00:00:00.000Z,2022-01-01T00:00:00.000Z
E2 0,2022-01-01,2,0:32:11,1:01:56,E2 LTN areas,2022-01-01,T00:00:00.000Z,2022-01-01T00:00:00.000Z
E2 7,2022-01-01,2,0:27:23,0:56:10,E2 LTN areas,2022-01-01,T00:00:00.000Z,2022-01-01T00:00:00.000Z
E2 9,2022-01-01,2,0:30:59,1:10:31,E2 LTN areas,2022-01-01,T00:00:00.000Z,2022-01-01T00:00:00.000Z
E2 6,2022-02-01,2,0:34:08,1:16:24,E2 LTN areas,2022-02-01,T00:00:00.000Z,2022-02-01T00:00:00.000Z
E2 7,2022-02-01,2,0:32:49,1:12:02,E2 LTN areas,2022-02-01,T00:00:00.000Z,2022-02-01T00:00:00.000Z
E2 0,2022-02-01,2,0:26:21,0:55:00,E2 LTN areas,2022-02-01,T00:00:00.000Z,2022-02-01T00:00:00.000Z
E2 9,2022-02-01,2,0:32:52,1:08:27,E2 LTN areas,2022-02-01,T00:00:00.000Z,2022-02-01T00:00:00.000Z
E2 0,2022-03-01,2,0:54:36,1:55:58,E2 LTN areas,2022-03-01,T00:00:00.000Z,2022-03-01T00:00:00.000Z
E2 6,2022-03-01,2,0:47:14,1:38:33,E2 LTN areas,2022-03-01,T00:00:00.000Z,2022-03-01T00:00:00.000Z
E2 9,2022-03-01,2,0:48:47,1:45:34,E2 LTN areas,2022-03-01,T00:00:00.000Z,2022-03-01T00:00:00.000Z
E2 7,2022-03-01,2,0:47:42,1:43:59,E2 LTN areas,2022-03-01,T00:00:00.000Z,2022-03-01T00:00:00.000Z
E2 9,2022-04-01,2,0:42:47,1:33:06,E2 LTN areas,2022-04-01,T00:00:00.000Z,2022-04-01T00:00:00.000Z
E2 7,2022-04-01,2,0:33:48,1:27:20,E2 LTN areas,2022-04-01,T00:00:00.000Z,2022-04-01T00:00:00.000Z
E2 6,2022-04-01,2,0:32:31,1:02:30,E2 LTN areas,2022-04-01,T00:00:00.000Z,2022-04-01T00:00:00.000Z
E2 0,2022-04-01,2,0:35:10,1:18:39,E2 LTN areas,2022-04-01,T00:00:00.000Z,2022-04-01T00:00:00.000Z
E2 7,2022-05-01,2,0:38:26,1:23:28,E2 LTN areas,2022-05-01,T00:00:00.000Z,2022-05-01T00:00:00.000Z
E2 6,2022-05-01,2,0:39:58,1:14:32,E2 LTN areas,2022-05-01,T00:00:00.000Z,2022-05-01T00:00:00.000Z
E2 0,2022-05-01,2,0:39:26,1:23:49,E2 LTN areas,2022-05-01,T00:00:00.000Z,2022-05-01T00:00:00.000Z
E2 9,2022-05-01,2,0:38:26,1:37:27,E2 LTN areas,2022-05-01,T00:00:00.000Z,2022-05-01T00:00:00.000Z
E2 0,2022-06-01,2,0:56:58,2:10:57,E2 LTN areas,2022-06-01,T00:00:00.000Z,2022-06-01T00:00:00.000Z
E2 9,2022-06-01,2,0:57:27,2:01:38,E2 LTN areas,2022-06-01,T00:00:00.000Z,2022-06-01T00:00:00.000Z
E2 6,2022-06-01,2,0:50:13,1:48:22,E2 LTN areas,2022-06-01,T00:00:00.000Z,2022-06-01T00:00:00.000Z
E2 7,2022-06-01,2,0:59:02,2:04:21,E2 LTN areas,2022-06-01,T00:00:00.000Z,2022-06-01T00:00:00.000Z
E2 9,2022-07-01,2,0:54:50,1:48:22,E2 LTN areas,2022-07-01,T00:00:00.000Z,2022-07-01T00:00:00.000Z
E2 6,2022-07-01,2,1:07:59,2:36:55,E2 LTN areas,2022-07-01,T00:00:00.000Z,2022-07-01T00:00:00.000Z
E2 0,2022-07-01,2,0:51:17,1:53:29,E2 LTN areas,2022-07-01,T00:00:00.000Z,2022-07-01T00:00:00.000Z
E2 7,2022-07-01,2,1:22:34,2:23:57,E2 LTN areas,2022-07-01,T00:00:00.000Z,2022-07-01T00:00:00.000Z
E2 6,2022-08-01,2,0:31:59,1:06:42,E2 LTN areas,2022-08-01,T00:00:00.000Z,2022-08-01T00:00:00.000Z
E2 0,2022-08-01,2,0:44:37,2:00:05,E2 LTN areas,2022-08-01,T00:00:00.000Z,2022-08-01T00:00:00.000Z
E2 7,2022-08-01,2,0:33:03,1:14:09,E2 LTN areas,2022-08-01,T00:00:00.000Z,2022-08-01T00:00:00.000Z
E2 9,2022-08-01,2,0:32:28,1:10:14,E2 LTN areas,2022-08-01,T00:00:00.000Z,2022-08-01T00:00:00.000Z
E2 6,2022-09-01,2,0:46:33,1:31:48,E2 LTN areas,2022-09-01,T00:00:00.000Z,2022-09-01T00:00:00.000Z
E2 7,2022-09-01,2,0:37:34,1:24:26,E2 LTN areas,2022-09-01,T00:00:00.000Z,2022-09-01T00:00:00.000Z
E2 0,2022-09-01,2,0:33:06,1:23:14,E2 LTN areas,2022-09-01,T00:00:00.000Z,2022-09-01T00:00:00.000Z
E2 9,2022-09-01,2,0:46:29,1:39:26,E2 LTN areas,2022-09-01,T00:00:00.000Z,2022-09-01T00:00:00.000Z
E2 6,2022-12-01,2,0:57:20,2:00:15,E2 LTN areas,2022-12-01,T00:00:00.000Z,2022-12-01T00:00:00.000Z
E2 0,2022-12-01,2,1:05:31,2:41:12,E2 LTN areas,2022-12-01,T00:00:00.000Z,2022-12-01T00:00:00.000Z
E2 9,2022-12-01,2,1:24:43,2:53:35,E2 LTN areas,2022-12-01,T00:00:00.000Z,2022-12-01T00:00:00.000Z
E2 7,2022-12-01,2,1:22:36,3:32:19,E2 LTN areas,2022-12-01,T00:00:00.000Z,2022-12-01T00:00:00.000Z
E2 9,2023-01-01,2,0:31:00,1:12:03,E2 LTN areas,2023-01-01,T00:00:00.000Z,2023-01-01T00:00:00.000Z
E2 6,2023-01-01,2,0:25:58,0:52:20,E2 LTN areas,2023-01-01,T00:00:00.000Z,2023-01-01T00:00:00.000Z
E2 0,2023-01-01,2,0:29:52,1:13:25,E2 LTN areas,2023-01-01,T00:00:00.000Z,2023-01-01T00:00:00.000Z
E2 7,2023-01-01,2,0:25:07,0:53:51,E2 LTN areas,2023-01-01,T00:00:00.000Z,2023-01-01T00:00:00.000Z
E2 7,2023-02-01,2,0:34:13,1:19:36,E2 LTN areas,2023-02-01,T00:00:00.000Z,2023-02-01T00:00:00.000Z
E2 0,2023-02-01,2,0:40:39,1:27:34,E2 LTN areas,2023-02-01,T00:00:00.000Z,2023-02-01T00:00:00.000Z
E2 6,2023-02-01,2,0:34:08,1:08:45,E2 LTN areas,2023-02-01,T00:00:00.000Z,2023-02-01T00:00:00.000Z
E2 9,2023-02-01,2,0:30:13,1:01:03,E2 LTN areas,2023-02-01,T00:00:00.000Z,2023-02-01T00:00:00.000Z
E2 6,2023-03-01,2,0:52:45,2:04:30,E2 LTN areas,2023-03-01,T00:00:00.000Z,2023-03-01T00:00:00.000Z
E2 9,2023-03-01,2,0:34:00,1:17:47,E2 LTN areas,2023-03-01,T00:00:00.000Z,2023-03-01T00:00:00.000Z
E2 0,2023-03-01,2,0:44:46,1:37:46,E2 LTN areas,2023-03-01,T00:00:00.000Z,2023-03-01T00:00:00.000Z
E2 7,2023-03-01,2,0:48:24,1:48:13,E2 LTN areas,2023-03-01,T00:00:00.000Z,2023-03-01T00:00:00.000Z
E2 7,2023-04-01,2,0:37:01,1:39:02,E2 LTN areas,2023-04-01,T00:00:00.000Z,2023-04-01T00:00:00.000Z
E2 0,2023-04-01,2,0:35:58,1:30:53,E2 LTN areas,2023-04-01,T00:00:00.000Z,2023-04-01T00:00:00.000Z
E2 6,2023-04-01,2,0:35:51,1:10:43,E2 LTN areas,2023-04-01,T00:00:00.000Z,2023-04-01T00:00:00.000Z
E2 9,2023-04-01,2,0:35:33,1:37:43,E2 LTN areas,2023-04-01,T00:00:00.000Z,2023-04-01T00:00:00.000Z
E2 0,2023-05-01,2,0:55:42,2:00:51,E2 LTN areas,2023-05-01,T00:00:00.000Z,2023-05-01T00:00:00.000Z
E2 9,2023-05-01,2,0:34:40,1:15:26,E2 LTN areas,2023-05-01,T00:00:00.000Z,2023-05-01T00:00:00.000Z
E2 7,2023-05-01,2,1:05:09,2:26:22,E2 LTN areas,2023-05-01,T00:00:00.000Z,2023-05-01T00:00:00.000Z
E2 6,2023-05-01,2,0:45:08,1:39:43,E2 LTN areas,2023-05-01,T00:00:00.000Z,2023-05-01T00:00:00.000Z
E2 0,2023-06-01,2,1:03:00,2:05:11,E2 LTN areas,2023-06-01,T00:00:00.000Z,2023-06-01T00:00:00.000Z
E2 7,2023-06-01,2,1:01:25,2:34:04,E2 LTN areas,2023-06-01,T00:00:00.000Z,2023-06-01T00:00:00.000Z
E2 6,2023-06-01,2,0:53:14,2:04:43,E2 LTN areas,2023-06-01,T00:00:00.000Z,2023-06-01T00:00:00.000Z
E2 9,2023-06-01,2,1:16:13,2:52:27,E2 LTN areas,2023-06-01,T00:00:00.000Z,2023-06-01T00:00:00.000Z
E2 7,2023-07-01,2,0:29:10,0:57:47,E2 LTN areas,2023-07-01,T00:00:00.000Z,2023-07-01T00:00:00.000Z
E2 0,2023-07-01,2,0:36:00,1:27:10,E2 LTN areas,2023-07-01,T00:00:00.000Z,2023-07-01T00:00:00.000Z
E2 6,2023-07-01,2,0:28:49,1:11:53,E2 LTN areas,2023-07-01,T00:00:00.000Z,2023-07-01T00:00:00.000Z
E2 9,2023-07-01,2,0:29:39,1:01:28,E2 LTN areas,2023-07-01,T00:00:00.000Z,2023-07-01T00:00:00.000Z
E2 7,2023-08-01,2,0:36:03,1:12:09,E2 LTN areas,2023-08-01,T00:00:00.000Z,2023-08-01T00:00:00.000Z
E2 9,2023-08-01,2,0:41:09,1:20:02,E2 LTN areas,2023-08-01,T00:00:00.000Z,2023-08-01T00:00:00.000Z
E2 0,2023-08-01,2,0:45:26,1:32:01,E2 LTN areas,2023-08-01,T00:00:00.000Z,2023-08-01T00:00:00.000Z
E2 6,2023-08-01,2,0:32:50,1:10:24,E2 LTN areas,2023-08-01,T00:00:00.000Z,2023-08-01T00:00:00.000Z
E2 6,2023-09-01,2,0:46:27,2:00:58,E2 LTN areas,2023-09-01,T00:00:00.000Z,2023-09-01T00:00:00.000Z
E2 9,2023-09-01,2,0:46:05,1:44:49,E2 LTN areas,2023-09-01,T00:00:00.000Z,2023-09-01T00:00:00.000Z
E2 0,2023-09-01,2,0:39:39,1:27:55,E2 LTN areas,2023-09-01,T00:00:00.000Z,2023-09-01T00:00:00.000Z
E2 7,2023-09-01,2,0:45:53,1:35:39,E2 LTN areas,2023-09-01,T00:00:00.000Z,2023-09-01T00:00:00.000Z
E2 0,2023-10-01,2,0:43:27,1:43:19,E2 LTN areas,2023-10-01,T00:00:00.000Z,2023-10-01T00:00:00.000Z
E2 6,2023-10-01,2,0:43:36,1:32:09,E2 LTN areas,2023-10-01,T00:00:00.000Z,2023-10-01T00:00:00.000Z
E2 9,2023-10-01,2,0:44:37,1:33:11,E2 LTN areas,2023-10-01,T00:00:00.000Z,2023-10-01T00:00:00.000Z
E2 7,2023-10-01,2,0:51:53,2:04:49,E2 LTN areas,2023-10-01,T00:00:00.000Z,2023-10-01T00:00:00.000Z
E2 9,2023-11-01,2,0:45:19,1:55:57,E2 LTN areas,2023-11-01,T00:00:00.000Z,2023-11-01T00:00:00.000Z
E2 0,2023-11-01,2,0:47:23,1:46:38,E2 LTN areas,2023-11-01,T00:00:00.000Z,2023-11-01T00:00:00.000Z
E2 6,2023-11-01,2,0:39:55,1:23:11,E2 LTN areas,2023-11-01,T00:00:00.000Z,2023-11-01T00:00:00.000Z
E2 7,2023-11-01,2,0:48:35,1:31:49,E2 LTN areas,2023-11-01,T00:00:00.000Z,2023-11-01T00:00:00.000Z
E2 9,2023-12-01,2,0:51:18,2:05:58,E2 LTN areas,2023-12-01,T00:00:00.000Z,2023-12-01T00:00:00.000Z
E2 6,2023-12-01,2,0:58:00,2:11:26,E2 LTN areas,2023-12-01,T00:00:00.000Z,2023-12-01T00:00:00.000Z
E2 0,2023-12-01,2,0:47:29,1:46:52,E2 LTN areas,2023-12-01,T00:00:00.000Z,2023-12-01T00:00:00.000Z
E2 7,2023-12-01,2,1:00:34,1:49:57,E2 LTN areas,2023-12-01,T00:00:00.000Z,2023-12-01T00:00:00.000Z
E2 6,2024-01-01,2,0:41:08,1:21:21,E2 LTN areas,2024-01-01,T00:00:00.000Z,2024-01-01T00:00:00.000Z
E2 0,2024-01-01,2,0:43:26,1:35:34,E2 LTN areas,2024-01-01,T00:00:00.000Z,2024-01-01T00:00:00.000Z
E2 7,2024-01-01,2,0:41:23,1:15:57,E2 LTN areas,2024-01-01,T00:00:00.000Z,2024-01-01T00:00:00.000Z
E2 9,2024-01-01,2,0:51:29,2:10:43,E2 LTN areas,2024-01-01,T00:00:00.000Z,2024-01-01T00:00:00.000Z
E2 6,2024-02-01,2,0:38:59,1:30:45,E2 LTN areas,2024-02-01,T00:00:00.000Z,2024-02-01T00:00:00.000Z
E2 7,2024-02-01,2,0:44:16,1:36:55,E2 LTN areas,2024-02-01,T00:00:00.000Z,2024-02-01T00:00:00.000Z
E2 0,2024-02-01,2,0:40:18,1:22:03,E2 LTN areas,2024-02-01,T00:00:00.000Z,2024-02-01T00:00:00.000Z
E2 9,2024-02-01,2,0:50:11,1:34:10,E2 LTN areas,2024-02-01,T00:00:00.000Z,2024-02-01T00:00:00.000Z
E2 0,2024-03-01,2,0:40:57,1:25:50,E2 LTN areas,2024-03-01,T00:00:00.000Z,2024-03-01T00:00:00.000Z
E2 7,2024-03-01,2,0:46:54,1:34:18,E2 LTN areas,2024-03-01,T00:00:00.000Z,2024-03-01T00:00:00.000Z
E2 6,2024-03-01,2,0:41:31,1:28:39,E2 LTN areas,2024-03-01,T00:00:00.000Z,2024-03-01T00:00:00.000Z
E2 9,2024-03-01,2,0:46:39,1:48:00,E2 LTN areas,2024-03-01,T00:00:00.000Z,2024-03-01T00:00:00.000Z
E2 9,2024-04-01,2,0:38:45,1:21:41,E2 LTN areas,2024-04-01,T00:00:00.000Z,2024-04-01T00:00:00.000Z
E2 7,2024-04-01,2,0:42:01,1:37:56,E2 LTN areas,2024-04-01,T00:00:00.000Z,2024-04-01T00:00:00.000Z
E2 0,2024-04-01,2,0:39:39,1:17:23,E2 LTN areas,2024-04-01,T00:00:00.000Z,2024-04-01T00:00:00.000Z
E2 6,2024-04-01,2,0:33:19,1:12:43,E2 LTN areas,2024-04-01,T00:00:00.000Z,2024-04-01T00:00:00.000Z
E2 6,2024-05-01,2,0:43:45,1:42:36,E2 LTN areas,2024-05-01,T00:00:00.000Z,2024-05-01T00:00:00.000Z
E2 0,2024-05-01,2,0:43:02,1:47:49,E2 LTN areas,2024-05-01,T00:00:00.000Z,2024-05-01T00:00:00.000Z
E2 9,2024-05-01,2,0:48:57,1:35:25,E2 LTN areas,2024-05-01,T00:00:00.000Z,2024-05-01T00:00:00.000Z
E2 7,2024-05-01,2,0:34:28,1:20:22,E2 LTN areas,2024-05-01,T00:00:00.000Z,2024-05-01T00:00:00.000Z
